timestamp,phase,cpu_pct,load1,avg_mhz,pkg_temp_c,nvme_temp_c,mem_available_mib
2026-07-16T19:12:18-07:00,idle,0.75,0.04,1866.6,42.0,35.9,14627.7
2026-07-16T19:12:19-07:00,idle,3.70,0.04,2800.0,60.0,35.9,14615.6
2026-07-16T19:12:21-07:00,stress,100.00,0.04,2800.0,66.0,35.9,14611.4
2026-07-16T19:12:22-07:00,stress,100.00,0.36,2800.0,68.0,35.9,14611.1
2026-07-16T19:12:23-07:00,stress,100.00,0.36,2800.0,67.0,35.9,14610.8
2026-07-16T19:12:24-07:00,stress,100.00,0.36,2800.0,68.0,35.9,14610.6
2026-07-16T19:12:25-07:00,stress,100.00,0.36,2800.0,68.0,35.9,14610.1
2026-07-16T19:12:26-07:00,stress,100.00,0.65,2800.0,68.0,35.9,14610.6
2026-07-16T19:12:28-07:00,stress,100.00,0.65,2800.0,69.0,35.9,14611.0
2026-07-16T19:12:29-07:00,stress,100.00,0.65,2800.0,69.0,35.9,14611.4
2026-07-16T19:12:30-07:00,stress,100.00,0.65,2800.0,68.0,35.9,14611.5
2026-07-16T19:12:31-07:00,stress,100.00,0.65,2800.0,69.0,35.9,14610.8
2026-07-16T19:12:32-07:00,stress,100.00,1.08,2800.0,70.0,35.9,14610.2
2026-07-16T19:12:34-07:00,stress,100.00,1.08,2800.0,68.0,35.9,14610.3
2026-07-16T19:12:35-07:00,stress,100.00,1.08,2800.0,70.0,35.9,14609.6
2026-07-16T19:12:36-07:00,stress,100.00,1.08,2800.0,69.0,35.9,14609.0
2026-07-16T19:12:37-07:00,stress,100.00,1.31,2800.0,70.0,35.9,14609.9
2026-07-16T19:12:38-07:00,stress,100.00,1.31,2800.0,70.0,35.9,14609.8
2026-07-16T19:12:39-07:00,stress,100.00,1.31,2800.0,70.0,35.9,14609.9
2026-07-16T19:12:41-07:00,stress,100.00,1.31,2800.0,70.0,35.9,14610.0
2026-07-16T19:12:42-07:00,stress,100.00,1.53,2800.0,70.0,35.9,14612.5
2026-07-16T19:12:43-07:00,stress,100.00,1.53,2800.0,70.0,35.9,14613.0
2026-07-16T19:12:44-07:00,stress,100.00,1.53,2800.0,71.0,35.9,14610.7
2026-07-16T19:12:45-07:00,stress,100.00,1.53,2800.0,70.0,35.9,14610.7
2026-07-16T19:12:47-07:00,stress,100.00,1.72,2800.0,70.0,35.9,14610.7
2026-07-16T19:12:48-07:00,stress,100.00,1.72,2800.0,71.0,35.9,14611.8
2026-07-16T19:12:49-07:00,stress,100.00,1.72,2800.0,71.0,35.9,14612.1
2026-07-16T19:12:50-07:00,stress,100.00,1.72,2800.0,71.0,35.9,14611.4
2026-07-16T19:12:51-07:00,stress,100.00,1.91,2800.0,71.0,35.9,14610.6
2026-07-16T19:12:52-07:00,stress,100.00,1.91,2800.0,71.0,35.9,14610.8
2026-07-16T19:12:54-07:00,stress,100.00,1.91,2800.0,70.0,35.9,14610.9
2026-07-16T19:12:55-07:00,stress,100.00,1.91,2800.0,71.0,35.9,14610.4
2026-07-16T19:12:56-07:00,stress,100.00,1.91,2800.0,70.0,35.9,14610.1
2026-07-16T19:12:57-07:00,stress,100.00,2.16,2800.0,71.0,35.9,14610.4
2026-07-16T19:12:58-07:00,stress,100.00,2.16,2800.0,72.0,35.9,14609.7
2026-07-16T19:12:59-07:00,stress,100.00,2.16,2800.0,71.0,35.9,14609.6
2026-07-16T19:13:01-07:00,stress,100.00,2.16,2800.0,72.0,35.9,14610.1
2026-07-16T19:13:02-07:00,stress,100.00,2.30,2800.0,71.0,35.9,14609.6
2026-07-16T19:13:03-07:00,stress,100.00,2.30,2800.0,73.0,35.9,14609.9
2026-07-16T19:13:04-07:00,stress,100.00,2.30,2800.0,73.0,35.9,14610.2
2026-07-16T19:13:05-07:00,stress,100.00,2.30,2800.0,71.0,35.9,14610.7
2026-07-16T19:13:07-07:00,stress,100.00,2.44,2800.0,73.0,35.9,14610.5
2026-07-16T19:13:08-07:00,stress,100.00,2.44,2800.0,71.0,35.9,14611.1
2026-07-16T19:13:09-07:00,stress,100.00,2.44,2800.0,71.0,35.9,14611.1
2026-07-16T19:13:10-07:00,stress,100.00,2.44,2800.0,72.0,35.9,14610.9
2026-07-16T19:13:11-07:00,stress,100.00,2.56,2800.0,72.0,35.9,14611.4
2026-07-16T19:13:12-07:00,stress,100.00,2.56,2800.0,72.0,35.9,14611.2
2026-07-16T19:13:14-07:00,stress,100.00,2.56,2800.0,72.0,35.9,14610.7
2026-07-16T19:13:15-07:00,stress,100.00,2.56,2800.0,72.0,35.9,14611.0
2026-07-16T19:13:16-07:00,stress,100.00,2.56,2800.0,73.0,35.9,14611.2
2026-07-16T19:13:17-07:00,stress,100.00,2.68,2800.0,72.0,35.9,14611.0
2026-07-16T19:13:18-07:00,stress,100.00,2.68,2800.0,73.0,35.9,14611.4
2026-07-16T19:13:20-07:00,stress,100.00,2.68,2800.0,72.0,35.9,14611.9
2026-07-16T19:13:21-07:00,stress,100.00,2.68,2800.0,73.0,35.9,14610.6
2026-07-16T19:13:22-07:00,stress,100.00,2.95,2800.0,73.0,35.9,14611.1
2026-07-16T19:13:23-07:00,stress,100.00,2.95,2800.0,73.0,35.9,14611.1
2026-07-16T19:13:24-07:00,stress,100.00,2.95,2800.0,74.0,35.9,14611.1
2026-07-16T19:13:25-07:00,stress,100.00,2.95,2800.0,74.0,35.9,14610.6
2026-07-16T19:13:27-07:00,stress,100.00,3.19,2800.0,73.0,35.9,14611.1
2026-07-16T19:13:28-07:00,stress,100.00,3.19,2800.0,73.0,35.9,14611.1
2026-07-16T19:13:29-07:00,stress,100.00,3.19,2800.0,73.0,35.9,14610.6
2026-07-16T19:13:30-07:00,stress,100.00,3.19,2800.0,73.0,35.9,14611.1
2026-07-16T19:13:31-07:00,stress,100.00,3.26,2800.0,74.0,35.9,14610.9
2026-07-16T19:13:33-07:00,stress,100.00,3.26,2800.0,74.0,35.9,14610.3
2026-07-16T19:13:34-07:00,stress,100.00,3.26,2800.0,74.0,35.9,14610.4
2026-07-16T19:13:35-07:00,stress,100.00,3.26,2800.0,75.0,35.9,14610.8
2026-07-16T19:13:36-07:00,stress,100.00,3.26,2800.0,75.0,35.9,14610.2
2026-07-16T19:13:37-07:00,stress,100.00,3.32,2800.0,73.0,35.9,14610.6
2026-07-16T19:13:38-07:00,stress,100.00,3.32,2800.0,74.0,35.9,14610.6
2026-07-16T19:13:40-07:00,stress,100.00,3.32,2800.0,74.0,35.9,14609.9
2026-07-16T19:13:41-07:00,stress,100.00,3.32,2800.0,73.0,35.9,14610.0
2026-07-16T19:13:42-07:00,stress,100.00,3.37,2800.0,74.0,35.9,14610.3
2026-07-16T19:13:43-07:00,stress,100.00,3.37,2800.0,74.0,35.9,14610.0
2026-07-16T19:13:44-07:00,stress,100.00,3.37,2800.0,74.0,35.9,14609.9
2026-07-16T19:13:46-07:00,stress,100.00,3.37,2800.0,75.0,35.9,14610.3
2026-07-16T19:13:47-07:00,stress,100.00,3.42,2800.0,74.0,35.9,14611.1
2026-07-16T19:13:48-07:00,stress,100.00,3.42,2800.0,74.0,35.9,14610.9
2026-07-16T19:13:49-07:00,stress,100.00,3.42,2800.0,74.0,35.9,14611.7
2026-07-16T19:13:50-07:00,stress,100.00,3.42,2800.0,73.0,35.9,14611.7
2026-07-16T19:13:51-07:00,stress,100.00,3.55,2800.0,74.0,35.9,14611.1
2026-07-16T19:13:53-07:00,stress,100.00,3.55,2800.0,74.0,35.9,14611.6
2026-07-16T19:13:54-07:00,stress,100.00,3.55,2800.0,74.0,35.9,14611.9
2026-07-16T19:13:55-07:00,stress,100.00,3.55,2800.0,74.0,35.9,14611.4
2026-07-16T19:13:56-07:00,stress,100.00,3.55,2800.0,74.0,35.9,14611.9
2026-07-16T19:13:57-07:00,stress,100.00,3.74,2800.0,73.0,35.9,14611.9
2026-07-16T19:13:59-07:00,stress,100.00,3.74,2800.0,74.0,35.9,14611.6
2026-07-16T19:14:00-07:00,stress,100.00,3.74,2800.0,75.0,35.9,14611.9
2026-07-16T19:14:01-07:00,stress,100.00,3.74,2800.0,74.0,35.9,14614.7
2026-07-16T19:14:02-07:00,stress,100.00,4.09,2800.0,74.0,35.9,14614.2
2026-07-16T19:14:03-07:00,stress,100.00,4.09,2800.0,75.0,35.9,14614.0
2026-07-16T19:14:04-07:00,stress,100.00,4.09,2800.0,75.0,35.9,14614.4
2026-07-16T19:14:06-07:00,stress,100.00,4.09,2800.0,75.0,35.9,14614.9
2026-07-16T19:14:07-07:00,stress,100.00,4.08,2800.0,75.0,35.9,14614.4
2026-07-16T19:14:08-07:00,stress,100.00,4.08,2800.0,75.0,35.9,14614.9
2026-07-16T19:14:09-07:00,stress,100.00,4.08,2800.0,75.0,35.9,14614.7
2026-07-16T19:14:10-07:00,stress,100.00,4.08,2800.0,74.0,35.9,14613.7
2026-07-16T19:14:12-07:00,stress,100.00,4.07,2800.0,75.0,35.9,14614.7
2026-07-16T19:14:13-07:00,stress,100.00,4.07,2800.0,75.0,35.9,14615.1
2026-07-16T19:14:14-07:00,stress,100.00,4.07,2800.0,75.0,35.9,14614.4
2026-07-16T19:14:15-07:00,stress,100.00,4.07,2800.0,75.0,35.9,14615.0
2026-07-16T19:14:16-07:00,stress,100.00,4.07,2800.0,74.0,35.9,14614.9
2026-07-16T19:14:17-07:00,stress,100.00,4.07,2800.0,74.0,35.9,14614.2
2026-07-16T19:14:19-07:00,stress,100.00,4.07,2800.0,74.0,35.9,14614.1
2026-07-16T19:14:20-07:00,stress,100.00,4.07,2800.0,75.0,35.9,14615.1
2026-07-16T19:14:21-07:00,stress,100.00,4.07,2800.0,74.0,35.9,14614.6
2026-07-16T19:14:22-07:00,stress,100.00,4.06,2800.0,76.0,35.9,14614.6
2026-07-16T19:14:23-07:00,stress,100.00,4.06,2800.0,75.0,35.9,14615.3
2026-07-16T19:14:25-07:00,stress,100.00,4.06,2800.0,75.0,35.9,14614.7
2026-07-16T19:14:26-07:00,stress,100.00,4.06,2800.0,75.0,35.9,14614.8
2026-07-16T19:14:27-07:00,stress,100.00,4.06,2800.0,75.0,35.9,14615.1
2026-07-16T19:14:28-07:00,stress,100.00,4.06,2800.0,74.0,35.9,14615.1
2026-07-16T19:14:29-07:00,stress,100.00,4.06,2800.0,74.0,35.9,14614.1
2026-07-16T19:14:31-07:00,stress,100.00,4.06,2800.0,74.0,35.9,14614.6
2026-07-16T19:14:32-07:00,stress,100.00,4.05,2800.0,76.0,35.9,14614.2
2026-07-16T19:14:33-07:00,stress,100.00,4.05,2800.0,75.0,35.9,14614.4
2026-07-16T19:14:34-07:00,stress,100.00,4.05,2800.0,75.0,35.9,14615.5
2026-07-16T19:14:35-07:00,stress,100.00,4.05,2800.0,75.0,35.9,14615.9
2026-07-16T19:14:36-07:00,stress,100.00,4.29,2800.0,75.0,35.9,14615.4
2026-07-16T19:14:38-07:00,stress,100.00,4.29,2800.0,75.0,35.9,14615.4
2026-07-16T19:14:39-07:00,stress,100.00,4.29,2800.0,75.0,35.9,14615.9
2026-07-16T19:14:40-07:00,stress,100.00,4.29,2800.0,76.0,35.9,14615.4
2026-07-16T19:14:41-07:00,stress,100.00,4.29,2800.0,76.0,35.9,14615.5
2026-07-16T19:14:42-07:00,stress,100.00,4.50,2800.0,74.0,35.9,14615.6
2026-07-16T19:14:44-07:00,stress,100.00,4.50,2800.0,75.0,35.9,14615.0
2026-07-16T19:14:45-07:00,stress,100.00,4.50,2800.0,76.0,35.9,14615.0
2026-07-16T19:14:46-07:00,stress,100.00,4.50,2800.0,75.0,35.9,14615.3
2026-07-16T19:14:47-07:00,stress,100.00,4.46,2800.0,75.0,35.9,14615.4
2026-07-16T19:14:48-07:00,stress,100.00,4.46,2800.0,75.0,35.9,14615.2
2026-07-16T19:14:50-07:00,stress,100.00,4.46,2800.0,74.0,35.9,14616.2
2026-07-16T19:14:51-07:00,stress,100.00,4.46,2800.0,75.0,35.9,14616.2
2026-07-16T19:14:52-07:00,stress,100.00,4.43,2800.0,75.0,35.9,14615.7
2026-07-16T19:14:53-07:00,stress,100.00,4.43,2800.0,76.0,35.9,14616.2
2026-07-16T19:14:54-07:00,stress,100.00,4.43,2800.0,75.0,35.9,14616.2
2026-07-16T19:14:55-07:00,stress,100.00,4.43,2800.0,75.0,35.9,14616.4
2026-07-16T19:14:57-07:00,stress,100.00,4.39,2800.0,75.0,35.9,14617.0
2026-07-16T19:14:58-07:00,stress,100.00,4.39,2800.0,75.0,35.9,14616.7
2026-07-16T19:14:59-07:00,stress,100.00,4.39,2800.0,76.0,35.9,14616.2
2026-07-16T19:15:00-07:00,stress,100.00,4.39,2800.0,76.0,35.9,14616.6
2026-07-16T19:15:01-07:00,stress,100.00,4.39,2800.0,76.0,35.9,14620.6
2026-07-16T19:15:03-07:00,stress,100.00,4.36,2800.0,75.0,35.9,14620.1
2026-07-16T19:15:04-07:00,stress,100.00,4.36,2800.0,76.0,35.9,14619.8
2026-07-16T19:15:05-07:00,stress,100.00,4.36,2800.0,76.0,35.9,14621.4
2026-07-16T19:15:06-07:00,stress,100.00,4.36,2800.0,75.0,35.9,14621.2
2026-07-16T19:15:07-07:00,stress,100.00,4.33,2800.0,76.0,35.9,14621.2
2026-07-16T19:15:08-07:00,stress,100.00,4.33,2800.0,75.0,35.9,14621.7
2026-07-16T19:15:10-07:00,stress,100.00,4.33,2800.0,76.0,35.9,14621.2
2026-07-16T19:15:11-07:00,stress,100.00,4.33,2800.0,76.0,35.9,14621.8
2026-07-16T19:15:12-07:00,stress,100.00,4.30,2800.0,76.0,35.9,14621.8
2026-07-16T19:15:13-07:00,stress,100.00,4.30,2800.0,75.0,35.9,14622.6
2026-07-16T19:15:14-07:00,stress,100.00,4.30,2800.0,75.0,35.9,14621.9
2026-07-16T19:15:16-07:00,stress,100.00,4.30,2800.0,74.0,35.9,14622.4
2026-07-16T19:15:17-07:00,stress,100.00,4.28,2800.0,76.0,35.9,14622.4
2026-07-16T19:15:18-07:00,stress,100.00,4.28,2800.0,76.0,35.9,14621.6
2026-07-16T19:15:19-07:00,stress,100.00,4.28,2800.0,76.0,35.9,14622.9
2026-07-16T19:15:20-07:00,stress,100.00,4.28,2800.0,75.0,35.9,14623.0
2026-07-16T19:15:22-07:00,stress,100.00,4.34,2800.0,75.0,35.9,14622.1
2026-07-16T19:15:23-07:00,stress,100.00,4.34,2800.0,77.0,35.9,14622.0
2026-07-16T19:15:24-07:00,stress,100.00,4.34,2800.0,76.0,35.9,14622.5
2026-07-16T19:15:25-07:00,stress,100.00,4.34,2800.0,75.0,35.9,14622.0
2026-07-16T19:15:26-07:00,stress,100.00,4.34,2800.0,76.0,35.9,14622.1
2026-07-16T19:15:28-07:00,stress,100.00,4.55,2800.0,76.0,35.9,14621.9
2026-07-16T19:15:29-07:00,stress,100.00,4.55,2800.0,76.0,35.9,14621.3
2026-07-16T19:15:30-07:00,stress,100.00,4.55,2800.0,75.0,35.9,14621.1
2026-07-16T19:15:31-07:00,stress,100.00,4.55,2800.0,75.0,35.9,14621.6
2026-07-16T19:15:32-07:00,stress,100.00,4.51,2800.0,76.0,35.9,14621.1
2026-07-16T19:15:33-07:00,stress,100.00,4.51,2800.0,75.0,35.9,14620.9
2026-07-16T19:15:35-07:00,stress,100.00,4.51,2800.0,76.0,35.9,14621.3
2026-07-16T19:15:36-07:00,stress,100.00,4.51,2800.0,76.0,35.9,14621.3
2026-07-16T19:15:37-07:00,stress,100.00,4.47,2800.0,75.0,35.9,14620.8
2026-07-16T19:15:38-07:00,stress,100.00,4.47,2800.0,75.0,35.9,14621.3
2026-07-16T19:15:39-07:00,stress,100.00,4.47,2800.0,76.0,35.9,14621.4
2026-07-16T19:15:41-07:00,stress,100.00,4.47,2800.0,75.0,35.9,14621.9
2026-07-16T19:15:42-07:00,stress,100.00,4.43,2800.0,76.0,35.9,14622.1
2026-07-16T19:15:43-07:00,stress,100.00,4.43,2800.0,75.0,35.9,14622.0
2026-07-16T19:15:44-07:00,stress,100.00,4.43,2800.0,77.0,35.9,14621.3
2026-07-16T19:15:45-07:00,stress,100.00,4.43,2800.0,75.0,35.9,14621.8
2026-07-16T19:15:47-07:00,stress,100.00,4.39,2800.0,76.0,35.9,14621.9
2026-07-16T19:15:48-07:00,stress,100.00,4.39,2800.0,75.0,35.9,14621.5
2026-07-16T19:15:49-07:00,stress,100.00,4.39,2800.0,75.0,35.9,14621.9
2026-07-16T19:15:50-07:00,stress,100.00,4.39,2800.0,75.0,35.9,14621.1
2026-07-16T19:15:51-07:00,stress,100.00,4.39,2800.0,76.0,35.9,14621.1
2026-07-16T19:15:53-07:00,stress,100.00,4.36,2800.0,75.0,35.9,14620.9
2026-07-16T19:15:54-07:00,stress,100.00,4.36,2800.0,75.0,35.9,14621.4
2026-07-16T19:15:55-07:00,stress,100.00,4.36,2800.0,76.0,35.9,14620.7
2026-07-16T19:15:56-07:00,stress,100.00,4.36,2800.0,76.0,35.9,14621.1
2026-07-16T19:15:57-07:00,stress,100.00,4.33,2800.0,76.0,35.9,14621.1
2026-07-16T19:15:58-07:00,stress,100.00,4.33,2800.0,76.0,35.9,14620.2
2026-07-16T19:16:00-07:00,stress,100.00,4.33,2800.0,75.0,35.9,14616.4
2026-07-16T19:16:01-07:00,stress,100.00,4.33,2800.0,75.0,35.9,14617.4
2026-07-16T19:16:02-07:00,stress,100.00,4.31,2800.0,75.0,35.9,14622.0
2026-07-16T19:16:03-07:00,stress,100.00,4.31,2800.0,76.0,35.9,14621.3
2026-07-16T19:16:04-07:00,stress,100.00,4.31,2800.0,75.0,35.9,14620.9
2026-07-16T19:16:06-07:00,stress,100.00,4.31,2800.0,76.0,35.9,14620.0
2026-07-16T19:16:07-07:00,stress,100.00,4.28,2800.0,75.0,35.9,14618.9
2026-07-16T19:16:08-07:00,stress,100.00,4.28,2800.0,76.0,35.9,14618.9
2026-07-16T19:16:09-07:00,stress,100.00,4.28,2800.0,77.0,35.9,14618.7
2026-07-16T19:16:10-07:00,stress,100.00,4.28,2800.0,75.0,35.9,14618.4
2026-07-16T19:16:11-07:00,stress,100.00,4.42,2800.0,77.0,35.9,14618.9
2026-07-16T19:16:13-07:00,stress,100.00,4.42,2800.0,76.0,35.9,14618.6
2026-07-16T19:16:14-07:00,stress,100.00,4.42,2800.0,76.0,35.9,14617.5
2026-07-16T19:16:15-07:00,stress,100.00,4.42,2800.0,75.0,35.9,14617.9
2026-07-16T19:16:16-07:00,stress,100.00,4.42,2800.0,76.0,35.9,14617.7
2026-07-16T19:16:17-07:00,stress,100.00,4.38,2800.0,75.0,35.9,14617.0
2026-07-16T19:16:19-07:00,stress,100.00,4.38,2800.0,75.0,35.9,14617.0
2026-07-16T19:16:20-07:00,stress,100.00,4.38,2800.0,76.0,35.9,14617.0
2026-07-16T19:16:21-07:00,stress,100.00,4.38,2800.0,75.0,35.9,14617.0
2026-07-16T19:16:22-07:00,stress,100.00,4.35,2800.0,75.0,35.9,14616.5
2026-07-16T19:16:23-07:00,stress,100.00,4.35,2800.0,74.0,35.9,14616.8
2026-07-16T19:16:24-07:00,stress,100.00,4.35,2800.0,76.0,35.9,14616.4
2026-07-16T19:16:26-07:00,stress,100.00,4.35,2800.0,76.0,35.9,14615.8
2026-07-16T19:16:27-07:00,stress,100.00,4.33,2800.0,76.0,35.9,14616.3
2026-07-16T19:16:28-07:00,stress,100.00,4.33,2800.0,76.0,35.9,14616.3
2026-07-16T19:16:29-07:00,stress,100.00,4.33,2800.0,75.0,35.9,14615.6
2026-07-16T19:16:30-07:00,stress,100.00,4.33,2800.0,75.0,35.9,14615.8
2026-07-16T19:16:32-07:00,stress,100.00,4.30,2800.0,75.0,35.9,14615.7
2026-07-16T19:16:33-07:00,stress,100.00,4.30,2800.0,75.0,35.9,14615.5
2026-07-16T19:16:34-07:00,stress,100.00,4.30,2800.0,76.0,35.9,14616.6
2026-07-16T19:16:35-07:00,stress,100.00,4.30,2800.0,77.0,35.9,14616.6
2026-07-16T19:16:36-07:00,stress,100.00,4.30,2800.0,77.0,35.9,14616.1
2026-07-16T19:16:38-07:00,stress,100.00,4.43,2800.0,76.0,35.9,14616.1
2026-07-16T19:16:39-07:00,stress,100.00,4.43,2800.0,75.0,35.9,14616.6
2026-07-16T19:16:40-07:00,stress,100.00,4.43,2800.0,76.0,35.9,14616.6
2026-07-16T19:16:41-07:00,stress,100.00,4.43,2800.0,75.0,35.9,14616.1
2026-07-16T19:16:42-07:00,stress,100.00,4.40,2800.0,76.0,35.9,14616.4
2026-07-16T19:16:43-07:00,stress,100.00,4.40,2800.0,75.0,35.9,14616.2
2026-07-16T19:16:45-07:00,stress,100.00,4.40,2800.0,76.0,35.9,14615.2
2026-07-16T19:16:46-07:00,stress,100.00,4.40,2800.0,76.0,35.9,14615.7
2026-07-16T19:16:47-07:00,stress,100.00,4.37,2800.0,76.0,35.9,14615.7
2026-07-16T19:16:48-07:00,stress,100.00,4.37,2800.0,76.0,35.9,14615.4
2026-07-16T19:16:49-07:00,stress,100.00,4.37,2800.0,75.0,35.9,14615.9
2026-07-16T19:16:51-07:00,stress,100.00,4.37,2800.0,75.0,35.9,14615.9
2026-07-16T19:16:52-07:00,stress,100.00,4.50,2800.0,75.0,35.9,14615.4
2026-07-16T19:16:53-07:00,stress,100.00,4.50,2800.0,76.0,35.9,14616.0
2026-07-16T19:16:54-07:00,stress,100.00,4.50,2800.0,75.0,35.9,14615.7
2026-07-16T19:16:55-07:00,stress,100.00,4.50,2800.0,75.0,35.9,14614.9
2026-07-16T19:16:56-07:00,stress,100.00,4.46,2800.0,75.0,35.9,14614.7
2026-07-16T19:16:58-07:00,stress,100.00,4.46,2800.0,75.0,35.9,14614.9
2026-07-16T19:16:59-07:00,stress,100.00,4.46,2800.0,76.0,35.9,14614.5
2026-07-16T19:17:00-07:00,stress,100.00,4.46,2800.0,76.0,35.9,14610.8
2026-07-16T19:17:01-07:00,stress,100.00,4.46,2800.0,76.0,35.9,14615.0
2026-07-16T19:17:02-07:00,stress,100.00,4.42,2800.0,77.0,35.9,14614.4
2026-07-16T19:17:04-07:00,stress,100.00,4.42,2800.0,76.0,35.9,14614.4
2026-07-16T19:17:05-07:00,stress,100.00,4.42,2800.0,76.0,35.9,14614.7
2026-07-16T19:17:06-07:00,stress,100.00,4.42,2800.0,76.0,35.9,14614.7
2026-07-16T19:17:07-07:00,stress,100.00,4.39,2800.0,76.0,35.9,14614.0
2026-07-16T19:17:08-07:00,stress,100.00,4.39,2800.0,75.0,35.9,14614.3
2026-07-16T19:17:09-07:00,stress,100.00,4.39,2800.0,76.0,35.9,14613.8
2026-07-16T19:17:11-07:00,stress,100.00,4.39,2800.0,75.0,35.9,14613.2
2026-07-16T19:17:12-07:00,stress,100.00,4.36,2800.0,76.0,35.9,14613.5
2026-07-16T19:17:13-07:00,stress,100.00,4.36,2800.0,76.0,35.9,14614.0
2026-07-16T19:17:14-07:00,stress,100.00,4.36,2800.0,75.0,35.9,14613.5
2026-07-16T19:17:15-07:00,stress,100.00,4.36,2800.0,75.0,35.9,14614.0
2026-07-16T19:17:16-07:00,stress,100.00,4.36,2800.0,76.0,35.9,14614.0
2026-07-16T19:17:18-07:00,stress,100.00,4.33,2800.0,74.0,35.9,14614.2
2026-07-16T19:17:19-07:00,stress,100.00,4.33,2800.0,76.0,35.9,14614.7
2026-07-16T19:17:20-07:00,stress,100.00,4.33,2800.0,75.0,35.9,14616.8
2026-07-16T19:17:21-07:00,stress,100.00,4.33,2800.0,76.0,35.9,14616.6
2026-07-16T19:17:22-07:00,stress,100.00,4.30,2800.0,76.0,35.9,14615.4
2026-07-16T19:17:24-07:00,stress,100.00,4.30,2800.0,77.0,35.9,14616.5
2026-07-16T19:17:25-07:00,stress,100.00,4.30,2800.0,75.0,35.9,14616.9
2026-07-16T19:17:26-07:00,stress,100.00,4.30,2800.0,75.0,35.9,14616.4
2026-07-16T19:17:27-07:00,stress,100.00,4.28,2800.0,76.0,35.9,14616.9
2026-07-16T19:17:28-07:00,stress,100.00,4.28,2800.0,76.0,35.9,14617.1
2026-07-16T19:17:29-07:00,stress,100.00,4.28,2800.0,77.0,35.9,14616.6
2026-07-16T19:17:31-07:00,stress,100.00,4.28,2800.0,76.0,35.9,14616.6
2026-07-16T19:17:32-07:00,stress,100.00,4.33,2800.0,76.0,35.9,14616.7
2026-07-16T19:17:33-07:00,stress,100.00,4.33,2800.0,75.0,35.9,14615.9
2026-07-16T19:17:34-07:00,stress,100.00,4.33,2800.0,76.0,35.9,14615.9
2026-07-16T19:17:35-07:00,stress,100.00,4.33,2800.0,77.0,35.9,14616.1
2026-07-16T19:17:37-07:00,stress,100.00,4.31,2800.0,75.0,35.9,14615.3
2026-07-16T19:17:38-07:00,stress,100.00,4.31,2800.0,74.0,35.9,14614.9
2026-07-16T19:17:39-07:00,stress,100.00,4.31,2800.0,75.0,35.9,14615.7
2026-07-16T19:17:40-07:00,stress,100.00,4.31,2800.0,76.0,35.9,14616.3
2026-07-16T19:17:41-07:00,stress,100.00,4.31,2800.0,75.0,35.9,14615.6
2026-07-16T19:17:42-07:00,stress,100.00,4.28,2800.0,75.0,35.9,14615.6
2026-07-16T19:17:44-07:00,stress,100.00,4.28,2800.0,74.0,35.9,14614.8
2026-07-16T19:17:45-07:00,stress,100.00,4.28,2800.0,75.0,35.9,14614.3
2026-07-16T19:17:46-07:00,stress,100.00,4.28,2800.0,75.0,35.9,14614.6
2026-07-16T19:17:47-07:00,stress,100.00,4.26,2800.0,75.0,35.9,14615.3
2026-07-16T19:17:48-07:00,stress,100.00,4.26,2800.0,76.0,35.9,14615.5
2026-07-16T19:17:49-07:00,stress,100.00,4.26,2800.0,75.0,35.9,14616.6
2026-07-16T19:17:51-07:00,stress,100.00,4.26,2800.0,75.0,35.9,14617.7
2026-07-16T19:17:52-07:00,stress,100.00,4.24,2800.0,76.0,35.9,14617.3
2026-07-16T19:17:53-07:00,stress,100.00,4.24,2800.0,75.0,35.9,14617.8
2026-07-16T19:17:54-07:00,stress,100.00,4.24,2800.0,75.0,35.9,14617.6
2026-07-16T19:17:55-07:00,stress,100.00,4.24,2800.0,75.0,35.9,14617.1
2026-07-16T19:17:57-07:00,stress,100.00,4.22,2800.0,74.0,35.9,14617.5
2026-07-16T19:17:58-07:00,stress,100.00,4.22,2800.0,75.0,35.9,14617.9
2026-07-16T19:17:59-07:00,stress,100.00,4.22,2800.0,76.0,35.9,14617.6
2026-07-16T19:18:00-07:00,stress,100.00,4.22,2800.0,75.0,35.9,14618.8
2026-07-16T19:18:01-07:00,stress,100.00,4.22,2800.0,75.0,35.9,14618.9
2026-07-16T19:18:02-07:00,stress,100.00,4.20,2800.0,76.0,35.9,14618.9
2026-07-16T19:18:04-07:00,stress,100.00,4.20,2800.0,75.0,35.9,14617.9
2026-07-16T19:18:05-07:00,stress,100.00,4.20,2800.0,76.0,35.9,14618.0
2026-07-16T19:18:06-07:00,stress,100.00,4.20,2800.0,75.0,35.9,14617.8
2026-07-16T19:18:07-07:00,stress,100.00,4.18,2800.0,76.0,35.9,14617.0
2026-07-16T19:18:08-07:00,stress,100.00,4.18,2800.0,76.0,35.9,14616.7
2026-07-16T19:18:09-07:00,stress,100.00,4.18,2800.0,75.0,35.9,14617.2
2026-07-16T19:18:11-07:00,stress,100.00,4.18,2800.0,75.0,35.9,14616.5
2026-07-16T19:18:12-07:00,stress,100.00,4.17,2800.0,75.0,35.9,14616.0
2026-07-16T19:18:13-07:00,stress,100.00,4.17,2800.0,75.0,35.9,14616.4
2026-07-16T19:18:14-07:00,stress,100.00,4.17,2800.0,75.0,35.9,14615.9
2026-07-16T19:18:15-07:00,stress,100.00,4.17,2800.0,75.0,35.9,14616.1
2026-07-16T19:18:17-07:00,stress,100.00,4.16,2800.0,75.0,35.9,14616.9
2026-07-16T19:18:18-07:00,stress,100.00,4.16,2800.0,75.0,35.9,14616.4
2026-07-16T19:18:19-07:00,stress,100.00,4.16,2800.0,75.0,35.9,14616.9
2026-07-16T19:18:20-07:00,stress,100.00,4.16,2800.0,75.0,35.9,14616.9
2026-07-16T19:18:21-07:00,stress,100.00,4.16,2800.0,76.0,35.9,14616.9
2026-07-16T19:18:22-07:00,stress,100.00,4.30,2800.0,75.0,35.9,14616.4
2026-07-16T19:18:24-07:00,stress,100.00,4.30,2800.0,74.0,35.9,14617.0
2026-07-16T19:18:25-07:00,stress,100.00,4.30,2800.0,76.0,35.9,14617.0
2026-07-16T19:18:26-07:00,stress,100.00,4.30,2800.0,76.0,35.9,14616.3
2026-07-16T19:18:27-07:00,stress,100.00,4.28,2800.0,75.0,35.9,14616.6
2026-07-16T19:18:28-07:00,stress,100.00,4.28,2800.0,75.0,35.9,14616.5
2026-07-16T19:18:30-07:00,stress,100.00,4.28,2800.0,76.0,35.9,14616.6
2026-07-16T19:18:31-07:00,stress,100.00,4.28,2800.0,75.0,35.9,14616.3
2026-07-16T19:18:32-07:00,stress,100.00,4.26,2800.0,74.0,35.9,14616.4
2026-07-16T19:18:33-07:00,stress,100.00,4.26,2800.0,75.0,35.9,14615.8
2026-07-16T19:18:34-07:00,stress,100.00,4.26,2800.0,75.0,35.9,14616.3
2026-07-16T19:18:35-07:00,stress,100.00,4.26,2800.0,74.0,35.9,14616.8
2026-07-16T19:18:37-07:00,stress,100.00,4.24,2800.0,75.0,35.9,14616.3
2026-07-16T19:18:38-07:00,stress,100.00,4.24,2800.0,75.0,35.9,14616.8
2026-07-16T19:18:39-07:00,stress,100.00,4.24,2800.0,75.0,35.9,14616.8
2026-07-16T19:18:40-07:00,stress,100.00,4.24,2800.0,75.0,35.9,14616.3
2026-07-16T19:18:41-07:00,stress,100.00,4.24,2800.0,76.0,35.9,14615.4
2026-07-16T19:18:43-07:00,stress,100.00,4.30,2800.0,75.0,35.9,14615.7
2026-07-16T19:18:44-07:00,stress,100.00,4.30,2800.0,74.0,35.9,14615.6
2026-07-16T19:18:45-07:00,stress,100.00,4.30,2800.0,74.0,35.9,14615.1
2026-07-16T19:18:46-07:00,stress,100.00,4.30,2800.0,75.0,35.9,14615.6
2026-07-16T19:18:47-07:00,stress,100.00,4.27,2800.0,75.0,35.9,14615.6
2026-07-16T19:18:49-07:00,stress,100.00,4.27,2800.0,75.0,35.9,14615.6
2026-07-16T19:18:50-07:00,stress,100.00,4.27,2800.0,75.0,35.9,14616.2
2026-07-16T19:18:51-07:00,stress,100.00,4.27,2800.0,75.0,35.9,14617.2
2026-07-16T19:18:52-07:00,stress,100.00,4.49,2800.0,76.0,35.9,14616.4
2026-07-16T19:18:53-07:00,stress,100.00,4.49,2800.0,75.0,35.9,14616.6
2026-07-16T19:18:54-07:00,stress,100.00,4.49,2800.0,75.0,35.9,14615.6
2026-07-16T19:18:56-07:00,stress,100.00,4.49,2800.0,76.0,35.9,14615.1
2026-07-16T19:18:57-07:00,stress,100.00,4.45,2800.0,74.0,35.9,14615.6
2026-07-16T19:18:58-07:00,stress,100.00,4.45,2800.0,75.0,35.9,14615.7
2026-07-16T19:18:59-07:00,stress,100.00,4.45,2800.0,76.0,35.9,14615.5
2026-07-16T19:19:00-07:00,stress,100.00,4.45,2800.0,75.0,35.9,14615.1
2026-07-16T19:19:02-07:00,stress,100.00,4.42,2800.0,75.0,35.9,14615.3
2026-07-16T19:19:03-07:00,stress,100.00,4.42,2800.0,76.0,35.9,14614.6
2026-07-16T19:19:04-07:00,stress,100.00,4.42,2800.0,76.0,35.9,14615.1
2026-07-16T19:19:05-07:00,stress,100.00,4.42,2800.0,76.0,35.9,14614.8
2026-07-16T19:19:06-07:00,stress,100.00,4.42,2800.0,75.0,35.9,14614.6
2026-07-16T19:19:08-07:00,stress,100.00,4.46,2800.0,75.0,35.9,14614.1
2026-07-16T19:19:09-07:00,stress,100.00,4.46,2800.0,74.0,35.9,14614.5
2026-07-16T19:19:10-07:00,stress,100.00,4.46,2800.0,75.0,35.9,14615.0
2026-07-16T19:19:11-07:00,stress,100.00,4.46,2800.0,75.0,35.9,14615.0
2026-07-16T19:19:12-07:00,stress,100.00,4.43,2800.0,76.0,35.9,14615.6
2026-07-16T19:19:13-07:00,stress,100.00,4.43,2800.0,75.0,35.9,14615.2
2026-07-16T19:19:15-07:00,stress,100.00,4.43,2800.0,75.0,35.9,14614.6
2026-07-16T19:19:16-07:00,stress,100.00,4.43,2800.0,75.0,35.9,14615.0
2026-07-16T19:19:17-07:00,stress,100.00,4.39,2800.0,74.0,35.9,14614.9
2026-07-16T19:19:18-07:00,stress,100.00,4.39,2800.0,74.0,35.9,14614.5
2026-07-16T19:19:19-07:00,stress,100.00,4.39,2800.0,76.0,35.9,14614.6
2026-07-16T19:19:21-07:00,stress,100.00,4.39,2800.0,76.0,35.9,14614.5
2026-07-16T19:19:22-07:00,stress,100.00,4.36,2800.0,75.0,35.9,14614.0
2026-07-16T19:19:23-07:00,stress,100.00,4.36,2800.0,75.0,35.9,14614.2
2026-07-16T19:19:24-07:00,stress,100.00,4.36,2800.0,75.0,35.9,14614.3
2026-07-16T19:19:25-07:00,stress,100.00,4.36,2800.0,75.0,35.9,14613.8
2026-07-16T19:19:27-07:00,stress,100.00,4.36,2800.0,75.0,35.9,14613.7
2026-07-16T19:19:28-07:00,stress,100.00,4.33,2800.0,75.0,35.9,14613.5
2026-07-16T19:19:29-07:00,stress,100.00,4.33,2800.0,75.0,35.9,14613.0
2026-07-16T19:19:30-07:00,stress,100.00,4.33,2800.0,75.0,35.9,14612.0
2026-07-16T19:19:31-07:00,stress,100.00,4.33,2800.0,75.0,35.9,14612.2
2026-07-16T19:19:32-07:00,stress,100.00,4.30,2800.0,75.0,35.9,14611.7
2026-07-16T19:19:34-07:00,stress,100.00,4.30,2800.0,76.0,35.9,14611.2
2026-07-16T19:19:35-07:00,stress,100.00,4.30,2800.0,75.0,35.9,14610.9
2026-07-16T19:19:36-07:00,stress,100.00,4.30,2800.0,75.0,35.9,14611.5
2026-07-16T19:19:37-07:00,stress,100.00,4.44,2800.0,76.0,35.9,14610.8
2026-07-16T19:19:38-07:00,stress,100.00,4.44,2800.0,75.0,35.9,14611.6
2026-07-16T19:19:40-07:00,stress,100.00,4.44,2800.0,75.0,35.9,14611.6
2026-07-16T19:19:41-07:00,stress,100.00,4.44,2800.0,74.0,35.9,14611.1
2026-07-16T19:19:42-07:00,stress,100.00,4.73,2800.0,74.0,35.9,14611.6
2026-07-16T19:19:43-07:00,stress,100.00,4.73,2800.0,76.0,35.9,14611.4
2026-07-16T19:19:45-07:00,stress,100.00,4.73,2800.0,76.0,35.9,14610.9
2026-07-16T19:19:46-07:00,stress,100.00,4.73,2800.0,75.0,35.9,14610.4
2026-07-16T19:19:47-07:00,stress,100.00,4.67,2800.0,75.0,35.9,14610.9
2026-07-16T19:19:48-07:00,stress,100.00,4.67,2800.0,75.0,35.9,14611.0
2026-07-16T19:19:49-07:00,stress,100.00,4.67,2800.0,74.0,35.9,14611.4
2026-07-16T19:19:50-07:00,stress,100.00,4.67,2800.0,75.0,35.9,14612.3
2026-07-16T19:19:52-07:00,stress,100.00,4.61,2800.0,75.0,35.9,14612.1
2026-07-16T19:19:53-07:00,stress,100.00,4.61,2800.0,74.0,35.9,14611.5
2026-07-16T19:19:54-07:00,stress,100.00,4.61,2800.0,75.0,35.9,14612.5
2026-07-16T19:19:55-07:00,stress,100.00,4.61,2800.0,75.0,35.9,14610.9
2026-07-16T19:19:56-07:00,stress,100.00,4.61,2800.0,75.0,35.9,14609.6
2026-07-16T19:19:58-07:00,stress,100.00,4.64,2800.0,75.0,35.9,14610.2
2026-07-16T19:19:59-07:00,stress,100.00,4.64,2800.0,75.0,35.9,14609.9
2026-07-16T19:20:00-07:00,stress,100.00,4.64,2800.0,74.0,35.9,14609.3
2026-07-16T19:20:01-07:00,stress,100.00,4.64,2800.0,75.0,35.9,14614.3
2026-07-16T19:20:02-07:00,stress,100.00,4.59,2800.0,75.0,35.9,14614.7
2026-07-16T19:20:03-07:00,stress,100.00,4.59,2800.0,76.0,35.9,14613.2
2026-07-16T19:20:05-07:00,stress,100.00,4.59,2800.0,75.0,35.9,14613.2
2026-07-16T19:20:06-07:00,stress,100.00,4.59,2800.0,75.0,35.9,14613.7
2026-07-16T19:20:07-07:00,stress,100.00,4.55,2800.0,76.0,35.9,14613.2
2026-07-16T19:20:08-07:00,stress,100.00,4.55,2800.0,75.0,35.9,14613.9
2026-07-16T19:20:09-07:00,stress,100.00,4.55,2800.0,76.0,35.9,14613.9
2026-07-16T19:20:11-07:00,stress,100.00,4.55,2800.0,75.0,35.9,14613.4
2026-07-16T19:20:12-07:00,stress,100.00,4.50,2800.0,75.0,35.9,14613.9
2026-07-16T19:20:13-07:00,stress,100.00,4.50,2800.0,75.0,35.9,14613.9
2026-07-16T19:20:14-07:00,stress,100.00,4.50,2800.0,76.0,35.9,14613.6
2026-07-16T19:20:15-07:00,stress,100.00,4.50,2800.0,75.0,35.9,14613.9
2026-07-16T19:20:17-07:00,stress,100.00,4.50,2800.0,75.0,35.9,14614.4
2026-07-16T19:20:18-07:00,stress,100.00,4.54,2800.0,76.0,35.9,14614.4
2026-07-16T19:20:19-07:00,stress,100.00,4.54,2800.0,75.0,35.9,14613.9
2026-07-16T19:20:20-07:00,stress,100.00,4.54,2800.0,75.0,35.9,14614.4
2026-07-16T19:20:21-07:00,stress,100.00,4.54,2800.0,76.0,35.9,14614.4
2026-07-16T19:20:22-07:00,stress,100.00,4.50,2800.0,75.0,35.9,14613.9
2026-07-16T19:20:24-07:00,stress,100.00,4.50,2800.0,76.0,35.9,14614.4
2026-07-16T19:20:25-07:00,stress,100.00,4.50,2800.0,76.0,35.9,14614.4
2026-07-16T19:20:26-07:00,stress,100.00,4.50,2800.0,75.0,35.9,14614.1
2026-07-16T19:20:27-07:00,stress,100.00,4.46,2800.0,75.0,35.9,14614.5
2026-07-16T19:20:28-07:00,stress,100.00,4.46,2800.0,75.0,35.9,14615.2
2026-07-16T19:20:29-07:00,stress,100.00,4.46,2800.0,76.0,35.9,14614.7
2026-07-16T19:20:31-07:00,stress,100.00,4.46,2800.0,74.0,35.9,14614.4
2026-07-16T19:20:32-07:00,stress,100.00,4.42,2800.0,75.0,35.9,14614.6
2026-07-16T19:20:33-07:00,stress,100.00,4.42,2800.0,75.0,35.9,14614.2
2026-07-16T19:20:34-07:00,stress,100.00,4.42,2800.0,75.0,35.9,14613.1
2026-07-16T19:20:35-07:00,stress,100.00,4.42,2800.0,75.0,35.9,14613.5
2026-07-16T19:20:37-07:00,stress,100.00,4.42,2800.0,74.0,35.9,14613.4
2026-07-16T19:20:38-07:00,stress,100.00,4.47,2800.0,75.0,35.9,14612.7
2026-07-16T19:20:39-07:00,stress,100.00,4.47,2800.0,75.0,35.9,14612.9
2026-07-16T19:20:40-07:00,stress,100.00,4.47,2800.0,75.0,35.9,14612.7
2026-07-16T19:20:41-07:00,stress,100.00,4.47,2800.0,75.0,35.9,14612.2
2026-07-16T19:20:42-07:00,stress,100.00,4.43,2800.0,75.0,35.9,14612.7
2026-07-16T19:20:44-07:00,stress,100.00,4.43,2800.0,76.0,35.9,14612.5
2026-07-16T19:20:45-07:00,stress,100.00,4.43,2800.0,74.0,35.9,14611.9
2026-07-16T19:20:46-07:00,stress,100.00,4.43,2800.0,75.0,35.9,14612.4
2026-07-16T19:20:47-07:00,stress,100.00,4.39,2800.0,74.0,35.9,14612.4
2026-07-16T19:20:48-07:00,stress,100.00,4.39,2800.0,74.0,35.9,14611.9
2026-07-16T19:20:49-07:00,stress,100.00,4.39,2800.0,76.0,35.9,14611.9
2026-07-16T19:20:51-07:00,stress,100.00,4.39,2800.0,77.0,35.9,14611.6
2026-07-16T19:20:52-07:00,stress,100.00,4.36,2800.0,74.0,35.9,14613.1
2026-07-16T19:20:53-07:00,stress,100.00,4.36,2800.0,75.0,35.9,14613.3
2026-07-16T19:20:54-07:00,stress,100.00,4.36,2800.0,76.0,35.9,14614.0
2026-07-16T19:20:55-07:00,stress,100.00,4.36,2800.0,76.0,35.9,14614.1
2026-07-16T19:20:57-07:00,stress,100.00,4.33,2800.0,76.0,35.9,14613.6
2026-07-16T19:20:58-07:00,stress,100.00,4.33,2800.0,75.0,35.9,14614.0
2026-07-16T19:20:59-07:00,stress,100.00,4.33,2800.0,76.0,35.9,14614.4
2026-07-16T19:21:00-07:00,stress,100.00,4.33,2800.0,75.0,35.9,14613.9
2026-07-16T19:21:01-07:00,stress,100.00,4.33,2800.0,74.0,35.9,14614.4
2026-07-16T19:21:03-07:00,stress,100.00,4.31,2800.0,75.0,35.9,14614.4
2026-07-16T19:21:04-07:00,stress,100.00,4.31,2800.0,76.0,35.9,14613.9
2026-07-16T19:21:05-07:00,stress,100.00,4.31,2800.0,75.0,35.9,14614.2
2026-07-16T19:21:06-07:00,stress,100.00,4.31,2800.0,75.0,35.9,14613.8
2026-07-16T19:21:07-07:00,stress,100.00,4.28,2800.0,74.0,35.9,14613.1
2026-07-16T19:21:08-07:00,stress,100.00,4.28,2800.0,75.0,35.9,14613.6
2026-07-16T19:21:10-07:00,stress,100.00,4.28,2800.0,75.0,35.9,14614.8
2026-07-16T19:21:11-07:00,stress,100.00,4.28,2800.0,75.0,35.9,14614.1
2026-07-16T19:21:12-07:00,stress,100.00,4.26,2800.0,74.0,35.9,14614.1
2026-07-16T19:21:13-07:00,stress,100.00,4.26,2800.0,76.0,35.9,14613.8
2026-07-16T19:21:14-07:00,stress,100.00,4.26,2800.0,75.0,35.9,14613.3
2026-07-16T19:21:16-07:00,stress,100.00,4.26,2800.0,75.0,35.9,14613.3
2026-07-16T19:21:17-07:00,stress,100.00,4.24,2800.0,75.0,35.9,14613.8
2026-07-16T19:21:18-07:00,stress,100.00,4.24,2800.0,75.0,35.9,14613.4
2026-07-16T19:21:19-07:00,stress,100.00,4.24,2800.0,76.0,35.9,14612.6
2026-07-16T19:21:20-07:00,stress,100.00,4.24,2800.0,74.0,35.9,14613.2
2026-07-16T19:21:22-07:00,stress,100.00,4.24,2800.0,75.0,35.9,14612.7
2026-07-16T19:21:23-07:00,stress,100.00,4.38,2800.0,75.0,35.9,14612.7
2026-07-16T19:21:24-07:00,stress,100.00,4.38,2800.0,75.0,35.9,14613.9
2026-07-16T19:21:25-07:00,stress,100.00,4.38,2800.0,75.0,35.9,14614.6
2026-07-16T19:21:26-07:00,stress,100.00,4.38,2800.0,75.0,35.9,14614.2
2026-07-16T19:21:28-07:00,stress,100.00,4.35,2800.0,74.0,35.9,14614.7
2026-07-16T19:21:29-07:00,stress,100.00,4.35,2800.0,74.0,35.9,14614.7
2026-07-16T19:21:30-07:00,stress,100.00,4.35,2800.0,75.0,35.9,14615.2
2026-07-16T19:21:31-07:00,stress,100.00,4.35,2800.0,75.0,35.9,14616.1
2026-07-16T19:21:32-07:00,stress,100.00,4.32,2800.0,74.0,35.9,14616.7
2026-07-16T19:21:33-07:00,stress,100.00,4.32,2800.0,75.0,35.9,14617.5
2026-07-16T19:21:35-07:00,stress,100.00,4.32,2800.0,75.0,35.9,14617.5
2026-07-16T19:21:36-07:00,stress,100.00,4.32,2800.0,75.0,35.9,14618.1
2026-07-16T19:21:37-07:00,stress,100.00,4.45,2800.0,74.0,35.9,14617.5
2026-07-16T19:21:38-07:00,stress,100.00,4.45,2800.0,75.0,35.9,14618.1
2026-07-16T19:21:39-07:00,stress,100.00,4.45,2800.0,75.0,35.9,14618.7
2026-07-16T19:21:41-07:00,stress,100.00,4.45,2800.0,75.0,35.9,14618.7
2026-07-16T19:21:42-07:00,stress,100.00,4.42,2800.0,74.0,35.9,14618.0
2026-07-16T19:21:43-07:00,stress,100.00,4.42,2800.0,75.0,35.9,14618.4
2026-07-16T19:21:44-07:00,stress,100.00,4.42,2800.0,74.0,35.9,14618.4
2026-07-16T19:21:45-07:00,stress,100.00,4.42,2800.0,75.0,35.9,14617.7
2026-07-16T19:21:47-07:00,stress,99.75,4.42,2800.0,75.0,35.9,14617.5
2026-07-16T19:21:48-07:00,stress,100.00,4.71,2800.0,74.0,35.9,14616.9
2026-07-16T19:21:49-07:00,stress,100.00,4.71,2800.0,74.0,35.9,14616.0
2026-07-16T19:21:50-07:00,stress,100.00,4.71,2800.0,74.0,35.9,14616.5
2026-07-16T19:21:51-07:00,stress,100.00,4.71,2800.0,74.0,35.9,14616.5
2026-07-16T19:21:52-07:00,stress,100.00,4.65,2800.0,75.0,35.9,14616.0
2026-07-16T19:21:54-07:00,stress,100.00,4.65,2800.0,76.0,35.9,14616.0
2026-07-16T19:21:55-07:00,stress,100.00,4.65,2800.0,75.0,35.9,14616.4
2026-07-16T19:21:56-07:00,stress,100.00,4.65,2800.0,75.0,35.9,14615.9
2026-07-16T19:21:57-07:00,stress,100.00,4.60,2800.0,75.0,35.9,14615.9
2026-07-16T19:21:58-07:00,stress,100.00,4.60,2800.0,74.0,35.9,14616.4
2026-07-16T19:22:00-07:00,stress,100.00,4.60,2800.0,74.0,35.9,14611.9
2026-07-16T19:22:01-07:00,stress,100.00,4.60,2800.0,74.0,35.9,14611.4
2026-07-16T19:22:02-07:00,stress,100.00,4.55,2800.0,75.0,35.9,14612.1
2026-07-16T19:22:03-07:00,stress,100.00,4.55,2800.0,74.0,35.9,14612.0
2026-07-16T19:22:04-07:00,stress,100.00,4.55,2800.0,74.0,35.9,14611.5
2026-07-16T19:22:05-07:00,stress,100.00,4.55,2800.0,75.0,35.9,14612.0
2026-07-16T19:22:07-07:00,stress,99.75,4.55,2800.0,74.0,35.9,14612.0
2026-07-16T19:22:08-07:00,stress,100.00,4.50,2800.0,74.0,35.9,14611.2
2026-07-16T19:22:09-07:00,stress,100.00,4.50,2800.0,74.0,35.9,14611.9
2026-07-16T19:22:10-07:00,stress,100.00,4.50,2800.0,75.0,35.9,14612.0
2026-07-16T19:22:11-07:00,stress,100.00,4.50,2800.0,74.0,35.9,14611.7
2026-07-16T19:22:13-07:00,stress,100.00,4.46,2800.0,75.0,35.9,14611.7
2026-07-16T19:22:14-07:00,stress,100.00,4.46,2800.0,75.0,35.9,14612.2
2026-07-16T19:22:15-07:00,stress,100.00,4.46,2800.0,74.0,35.9,14612.4
2026-07-16T19:22:16-07:00,stress,100.00,4.46,2800.0,75.0,35.9,14613.7
2026-07-16T19:22:17-07:00,stress,100.00,4.43,2800.0,75.0,35.9,14613.7
2026-07-16T19:22:19-07:00,stress,100.00,4.43,2800.0,75.0,35.9,14613.2
2026-07-16T19:22:20-07:00,stress,100.00,4.43,2800.0,74.0,35.9,14613.7
2026-07-16T19:22:21-07:00,stress,100.00,4.43,2800.0,74.0,35.9,14613.5
2026-07-16T19:22:22-07:00,stress,100.00,4.55,2800.0,74.0,35.9,14613.3
2026-07-16T19:22:23-07:00,stress,100.00,4.55,2800.0,74.0,35.9,14613.3
2026-07-16T19:22:24-07:00,stress,100.00,4.55,2800.0,75.0,35.9,14613.6
2026-07-16T19:22:26-07:00,stress,100.00,4.55,2800.0,74.0,35.9,14613.5
2026-07-16T19:22:27-07:00,stress,100.00,4.59,2800.0,76.0,35.9,14613.0
2026-07-16T19:22:28-07:00,stress,100.00,4.59,2800.0,75.0,35.9,14613.7
2026-07-16T19:22:29-07:00,stress,100.00,4.59,2800.0,76.0,35.9,14613.6
2026-07-16T19:22:30-07:00,stress,100.00,4.59,2800.0,75.0,35.9,14612.8
2026-07-16T19:22:32-07:00,stress,100.00,4.59,2800.0,74.0,35.9,14613.1
2026-07-16T19:22:33-07:00,stress,100.00,4.62,2800.0,76.0,35.9,14613.1
2026-07-16T19:22:34-07:00,stress,100.00,4.62,2800.0,75.0,35.9,14612.6
2026-07-16T19:22:35-07:00,stress,100.00,4.62,2800.0,75.0,35.9,14612.8
2026-07-16T19:22:36-07:00,stress,100.00,4.62,2800.0,75.0,35.9,14612.7
2026-07-16T19:22:38-07:00,stress,100.00,4.57,2800.0,75.0,35.9,14611.9
2026-07-16T19:22:39-07:00,stress,100.00,4.57,2800.0,75.0,35.9,14611.9
2026-07-16T19:22:40-07:00,stress,100.00,4.57,2800.0,75.0,35.9,14613.1
2026-07-16T19:22:41-07:00,stress,100.00,4.57,2800.0,75.0,35.9,14613.3
2026-07-16T19:22:42-07:00,stress,100.00,4.53,2800.0,74.0,35.9,14613.3
2026-07-16T19:22:43-07:00,stress,100.00,4.53,2800.0,74.0,35.9,14613.8
2026-07-16T19:22:45-07:00,stress,100.00,4.53,2800.0,75.0,35.9,14613.3
2026-07-16T19:22:46-07:00,stress,100.00,4.53,2800.0,75.0,35.9,14612.3
2026-07-16T19:22:47-07:00,stress,100.00,4.48,2800.0,76.0,35.9,14613.1
2026-07-16T19:22:48-07:00,stress,100.00,4.48,2800.0,75.0,35.9,14612.9
2026-07-16T19:22:49-07:00,stress,100.00,4.48,2800.0,75.0,35.9,14612.1
2026-07-16T19:22:51-07:00,stress,100.00,4.48,2800.0,75.0,35.9,14612.2
2026-07-16T19:22:52-07:00,stress,100.00,4.44,2800.0,74.0,35.9,14610.7
2026-07-16T19:22:53-07:00,stress,100.00,4.44,2800.0,75.0,35.9,14609.7
2026-07-16T19:22:54-07:00,stress,100.00,4.44,2800.0,74.0,35.9,14610.3
2026-07-16T19:22:55-07:00,stress,100.00,4.44,2800.0,74.0,35.9,14610.4
2026-07-16T19:22:56-07:00,stress,100.00,4.44,2800.0,75.0,35.9,14610.1
2026-07-16T19:22:58-07:00,stress,100.00,4.41,2800.0,75.0,35.9,14610.5
2026-07-16T19:22:59-07:00,stress,100.00,4.41,2800.0,75.0,35.9,14611.1
2026-07-16T19:23:00-07:00,stress,100.00,4.41,2800.0,75.0,35.9,14610.9
2026-07-16T19:23:01-07:00,stress,100.00,4.41,2800.0,75.0,35.9,14611.7
2026-07-16T19:23:02-07:00,stress,100.00,4.38,2800.0,75.0,35.9,14612.3
2026-07-16T19:23:04-07:00,stress,100.00,4.38,2800.0,75.0,35.9,14612.3
2026-07-16T19:23:05-07:00,stress,100.00,4.38,2800.0,75.0,35.9,14611.9
2026-07-16T19:23:06-07:00,stress,100.00,4.38,2800.0,75.0,35.9,14612.2
2026-07-16T19:23:07-07:00,stress,100.00,4.51,2800.0,74.0,35.9,14612.0
2026-07-16T19:23:08-07:00,stress,100.00,4.51,2800.0,75.0,35.9,14611.4
2026-07-16T19:23:09-07:00,stress,100.00,4.51,2800.0,74.0,35.9,14611.9
2026-07-16T19:23:11-07:00,stress,100.00,4.51,2800.0,75.0,35.9,14611.9
2026-07-16T19:23:12-07:00,stress,100.00,4.47,2800.0,75.0,35.9,14611.4
2026-07-16T19:23:13-07:00,stress,100.00,4.47,2800.0,75.0,35.9,14611.9
2026-07-16T19:23:14-07:00,stress,100.00,4.47,2800.0,76.0,35.9,14611.9
2026-07-16T19:23:15-07:00,stress,100.00,4.47,2800.0,75.0,35.9,14611.4
2026-07-16T19:23:17-07:00,stress,100.00,4.47,2800.0,74.0,35.9,14611.4
2026-07-16T19:23:18-07:00,stress,100.00,4.51,2800.0,75.0,35.9,14611.9
2026-07-16T19:23:19-07:00,stress,100.00,4.51,2800.0,76.0,35.9,14611.5
2026-07-16T19:23:20-07:00,stress,100.00,4.51,2800.0,74.0,35.9,14611.8
2026-07-16T19:23:21-07:00,stress,100.00,4.51,2800.0,75.0,35.9,14611.9
2026-07-16T19:23:22-07:00,stress,100.00,4.47,2800.0,75.0,35.9,14611.4
2026-07-16T19:23:24-07:00,stress,100.00,4.47,2800.0,76.0,35.9,14611.4
2026-07-16T19:23:25-07:00,stress,100.00,4.47,2800.0,75.0,35.9,14612.1
2026-07-16T19:23:26-07:00,stress,100.00,4.47,2800.0,75.0,35.9,14612.1
2026-07-16T19:23:27-07:00,stress,100.00,4.43,2800.0,74.0,35.9,14615.2
2026-07-16T19:23:28-07:00,stress,100.00,4.43,2800.0,74.0,35.9,14615.7
2026-07-16T19:23:30-07:00,stress,100.00,4.43,2800.0,74.0,35.9,14615.8
2026-07-16T19:23:31-07:00,stress,100.00,4.43,2800.0,75.0,35.9,14615.4
2026-07-16T19:23:32-07:00,stress,100.00,4.39,2800.0,74.0,35.9,14615.3
2026-07-16T19:23:33-07:00,stress,100.00,4.39,2800.0,73.0,35.9,14616.0
2026-07-16T19:23:34-07:00,stress,100.00,4.39,2800.0,74.0,35.9,14615.3
2026-07-16T19:23:36-07:00,stress,100.00,4.39,2800.0,75.0,35.9,14615.4
2026-07-16T19:23:37-07:00,stress,100.00,4.39,2800.0,74.0,35.9,14615.2
2026-07-16T19:23:38-07:00,stress,100.00,4.60,2800.0,75.0,35.9,14614.3
2026-07-16T19:23:39-07:00,stress,100.00,4.60,2800.0,75.0,35.9,14614.5
2026-07-16T19:23:40-07:00,stress,100.00,4.60,2800.0,75.0,35.9,14614.5
2026-07-16T19:23:41-07:00,stress,100.00,4.60,2800.0,75.0,35.9,14613.5
2026-07-16T19:23:43-07:00,stress,100.00,4.56,2800.0,76.0,35.9,14613.5
2026-07-16T19:23:44-07:00,stress,100.00,4.56,2800.0,75.0,35.9,14614.0
2026-07-16T19:23:45-07:00,stress,100.00,4.56,2800.0,75.0,35.9,14614.6
2026-07-16T19:23:46-07:00,stress,100.00,4.56,2800.0,74.0,35.9,14614.9
2026-07-16T19:23:47-07:00,stress,100.00,4.51,2800.0,75.0,35.9,14615.4
2026-07-16T19:23:48-07:00,stress,100.00,4.51,2800.0,75.0,35.9,14615.4
2026-07-16T19:23:50-07:00,stress,100.00,4.51,2800.0,75.0,35.9,14614.9
2026-07-16T19:23:51-07:00,stress,100.00,4.51,2800.0,75.0,35.9,14615.4
2026-07-16T19:23:52-07:00,stress,100.00,4.47,2800.0,74.0,35.9,14615.4
2026-07-16T19:23:53-07:00,stress,100.00,4.47,2800.0,74.0,35.9,14614.7
2026-07-16T19:23:54-07:00,stress,100.00,4.47,2800.0,75.0,35.9,14615.2
2026-07-16T19:23:56-07:00,stress,100.00,4.47,2800.0,75.0,35.9,14615.2
2026-07-16T19:23:57-07:00,stress,100.00,4.47,2800.0,74.0,35.9,14614.7
2026-07-16T19:23:58-07:00,stress,100.00,4.59,2800.0,75.0,35.9,14615.0
2026-07-16T19:23:59-07:00,stress,100.00,4.59,2800.0,75.0,35.9,14615.0
2026-07-16T19:24:00-07:00,stress,100.00,4.59,2800.0,75.0,35.9,14614.3
2026-07-16T19:24:02-07:00,stress,100.00,4.59,2800.0,75.0,35.9,14613.7
2026-07-16T19:24:03-07:00,stress,100.00,4.54,2800.0,74.0,35.9,14614.2
2026-07-16T19:24:04-07:00,stress,100.00,4.54,2800.0,75.0,35.9,14613.7
2026-07-16T19:24:05-07:00,stress,100.00,4.54,2800.0,74.0,35.9,14613.6
2026-07-16T19:24:06-07:00,stress,100.00,4.54,2800.0,75.0,35.9,14613.1
2026-07-16T19:24:07-07:00,stress,100.00,4.50,2800.0,75.0,35.9,14613.2
2026-07-16T19:24:09-07:00,stress,100.00,4.50,2800.0,75.0,35.9,14612.9
2026-07-16T19:24:10-07:00,stress,100.00,4.50,2800.0,75.0,35.9,14613.9
2026-07-16T19:24:11-07:00,stress,100.00,4.50,2800.0,74.0,35.9,14614.2
2026-07-16T19:24:12-07:00,stress,100.00,4.46,2800.0,75.0,35.9,14614.8
2026-07-16T19:24:13-07:00,stress,100.00,4.46,2800.0,75.0,35.9,14615.1
2026-07-16T19:24:15-07:00,stress,100.00,4.46,2800.0,74.0,35.9,14615.5
2026-07-16T19:24:16-07:00,stress,100.00,4.46,2800.0,74.0,35.9,14615.0
2026-07-16T19:24:17-07:00,stress,100.00,4.42,2800.0,75.0,35.9,14615.8
2026-07-16T19:24:18-07:00,stress,100.00,4.42,2800.0,74.0,35.9,14615.5
2026-07-16T19:24:19-07:00,stress,100.00,4.42,2800.0,75.0,35.9,14616.3
2026-07-16T19:24:21-07:00,stress,100.00,4.42,2800.0,74.0,35.9,14616.2
2026-07-16T19:24:22-07:00,stress,100.00,4.42,2800.0,74.0,35.9,14615.9
2026-07-16T19:24:23-07:00,stress,100.00,4.47,2800.0,75.0,35.9,14615.6
2026-07-16T19:24:24-07:00,stress,100.00,4.47,2800.0,74.0,35.9,14616.2
2026-07-16T19:24:25-07:00,stress,100.00,4.47,2800.0,75.0,35.9,14616.2
2026-07-16T19:24:26-07:00,stress,100.00,4.47,2800.0,75.0,35.9,14615.4
2026-07-16T19:24:28-07:00,stress,100.00,4.43,2800.0,74.0,35.9,14616.0
2026-07-16T19:24:29-07:00,stress,100.00,4.43,2800.0,75.0,35.9,14616.3
2026-07-16T19:24:30-07:00,stress,100.00,4.43,2800.0,75.0,35.9,14615.6
2026-07-16T19:24:31-07:00,stress,100.00,4.43,2800.0,75.0,35.9,14614.9
2026-07-16T19:24:32-07:00,stress,100.00,4.48,2800.0,74.0,35.9,14615.4
2026-07-16T19:24:33-07:00,stress,100.00,4.48,2800.0,75.0,35.9,14615.4
2026-07-16T19:24:35-07:00,stress,100.00,4.48,2800.0,75.0,35.9,14615.4
2026-07-16T19:24:36-07:00,stress,100.00,4.48,2800.0,75.0,35.9,14616.2
2026-07-16T19:24:37-07:00,stress,100.00,4.52,2800.0,75.0,35.9,14615.9
2026-07-16T19:24:38-07:00,stress,100.00,4.52,2800.0,74.0,35.9,14615.6
2026-07-16T19:24:39-07:00,stress,100.00,4.52,2800.0,76.0,35.9,14616.2
2026-07-16T19:24:41-07:00,stress,100.00,4.52,2800.0,75.0,35.9,14616.0
2026-07-16T19:24:42-07:00,stress,100.00,4.52,2800.0,74.0,35.9,14615.5
2026-07-16T19:24:43-07:00,stress,100.00,4.56,2800.0,74.0,35.9,14615.5
2026-07-16T19:24:44-07:00,stress,100.00,4.56,2800.0,75.0,35.9,14616.0
2026-07-16T19:24:45-07:00,stress,100.00,4.56,2800.0,74.0,35.9,14615.3
2026-07-16T19:24:46-07:00,stress,100.00,4.56,2800.0,75.0,35.9,14615.4
2026-07-16T19:24:48-07:00,stress,100.00,4.51,2800.0,75.0,35.9,14616.0
2026-07-16T19:24:49-07:00,stress,100.00,4.51,2800.0,75.0,35.9,14616.1
2026-07-16T19:24:50-07:00,stress,100.00,4.51,2800.0,75.0,35.9,14616.2
2026-07-16T19:24:51-07:00,stress,100.00,4.51,2800.0,75.0,35.9,14616.5
2026-07-16T19:24:52-07:00,stress,100.00,4.47,2800.0,74.0,35.9,14616.7
2026-07-16T19:24:54-07:00,stress,100.00,4.47,2800.0,75.0,35.9,14616.6
2026-07-16T19:24:55-07:00,stress,100.00,4.47,2800.0,75.0,35.9,14616.9
2026-07-16T19:24:56-07:00,stress,100.00,4.47,2800.0,75.0,35.9,14616.9
2026-07-16T19:24:57-07:00,stress,100.00,4.43,2800.0,73.0,35.9,14616.4
2026-07-16T19:24:58-07:00,stress,100.00,4.43,2800.0,75.0,35.9,14617.2
2026-07-16T19:24:59-07:00,stress,100.00,4.43,2800.0,75.0,35.9,14613.7
2026-07-16T19:25:01-07:00,stress,100.00,4.43,2800.0,75.0,35.9,14612.5
2026-07-16T19:25:02-07:00,stress,100.00,4.43,2800.0,75.0,35.9,14614.0
2026-07-16T19:25:03-07:00,stress,100.00,4.48,2800.0,74.0,35.9,14616.5
2026-07-16T19:25:04-07:00,stress,100.00,4.48,2800.0,74.0,35.9,14615.5
2026-07-16T19:25:05-07:00,stress,100.00,4.48,2800.0,74.0,35.9,14616.4
2026-07-16T19:25:07-07:00,stress,100.00,4.48,2800.0,75.0,35.9,14617.3
2026-07-16T19:25:08-07:00,stress,100.00,4.68,2800.0,75.0,35.9,14616.7
2026-07-16T19:25:09-07:00,stress,100.00,4.68,2800.0,76.0,35.9,14617.2
2026-07-16T19:25:10-07:00,stress,100.00,4.68,2800.0,75.0,35.9,14617.2
2026-07-16T19:25:11-07:00,stress,100.00,4.68,2800.0,74.0,35.9,14617.0
2026-07-16T19:25:13-07:00,stress,100.00,4.63,2800.0,76.0,35.9,14616.4
2026-07-16T19:25:14-07:00,stress,100.00,4.63,2800.0,76.0,35.9,14616.7
2026-07-16T19:25:15-07:00,stress,100.00,4.63,2800.0,74.0,35.9,14616.4
2026-07-16T19:25:16-07:00,stress,100.00,4.63,2800.0,74.0,35.9,14615.3
2026-07-16T19:25:17-07:00,stress,100.00,4.58,2800.0,74.0,35.9,14615.8
2026-07-16T19:25:19-07:00,stress,100.00,4.58,2800.0,76.0,35.9,14615.9
2026-07-16T19:25:20-07:00,stress,100.00,4.58,2800.0,74.0,35.9,14616.0
2026-07-16T19:25:21-07:00,stress,100.00,4.58,2800.0,75.0,35.9,14616.0
2026-07-16T19:25:22-07:00,stress,100.00,4.53,2800.0,75.0,35.9,14616.3
2026-07-16T19:25:23-07:00,stress,100.00,4.53,2800.0,75.0,35.9,14616.9
2026-07-16T19:25:24-07:00,stress,100.00,4.53,2800.0,75.0,35.9,14617.2
2026-07-16T19:25:26-07:00,stress,100.00,4.53,2800.0,75.0,35.9,14617.5
2026-07-16T19:25:27-07:00,stress,100.00,4.53,2800.0,75.0,35.9,14616.6
2026-07-16T19:25:28-07:00,stress,100.00,4.65,2800.0,75.0,35.9,14616.8
2026-07-16T19:25:29-07:00,stress,100.00,4.65,2800.0,74.0,35.9,14616.8
2026-07-16T19:25:30-07:00,stress,100.00,4.65,2800.0,74.0,35.9,14616.2
2026-07-16T19:25:32-07:00,stress,100.00,4.65,2800.0,75.0,35.9,14616.1
2026-07-16T19:25:33-07:00,stress,100.00,4.60,2800.0,75.0,35.9,14616.3
2026-07-16T19:25:34-07:00,stress,100.00,4.60,2800.0,76.0,35.9,14615.8
2026-07-16T19:25:35-07:00,stress,100.00,4.60,2800.0,75.0,35.9,14614.2
2026-07-16T19:25:36-07:00,stress,100.00,4.60,2800.0,74.0,35.9,14614.8
2026-07-16T19:25:37-07:00,stress,100.00,4.55,2800.0,75.0,35.9,14614.8
2026-07-16T19:25:39-07:00,stress,100.00,4.55,2800.0,74.0,35.9,14614.1
2026-07-16T19:25:40-07:00,stress,100.00,4.55,2800.0,74.0,35.9,14614.6
2026-07-16T19:25:41-07:00,stress,100.00,4.55,2800.0,75.0,35.9,14614.1
2026-07-16T19:25:42-07:00,stress,100.00,4.50,2800.0,74.0,35.9,14613.6
2026-07-16T19:25:43-07:00,stress,100.00,4.50,2800.0,75.0,35.9,14613.7
2026-07-16T19:25:45-07:00,stress,100.00,4.50,2800.0,75.0,35.9,14613.2
2026-07-16T19:25:46-07:00,stress,100.00,4.50,2800.0,75.0,35.9,14613.0
2026-07-16T19:25:47-07:00,stress,100.00,4.50,2800.0,74.0,35.9,14613.0
2026-07-16T19:25:48-07:00,stress,100.00,4.62,2800.0,75.0,35.9,14613.3
2026-07-16T19:25:49-07:00,stress,100.00,4.62,2800.0,75.0,35.9,14613.5
2026-07-16T19:25:50-07:00,stress,100.00,4.62,2800.0,74.0,35.9,14613.5
2026-07-16T19:25:52-07:00,stress,100.00,4.62,2800.0,75.0,35.9,14614.0
2026-07-16T19:25:53-07:00,stress,100.00,4.57,2800.0,75.0,35.9,14614.0
2026-07-16T19:25:54-07:00,stress,100.00,4.57,2800.0,75.0,35.9,14613.8
2026-07-16T19:25:55-07:00,stress,100.00,4.57,2800.0,75.0,35.9,14613.8
2026-07-16T19:25:56-07:00,stress,100.00,4.57,2800.0,74.0,35.9,14613.8
2026-07-16T19:25:58-07:00,stress,100.00,4.53,2800.0,74.0,35.9,14613.3
2026-07-16T19:25:59-07:00,stress,100.00,4.53,2800.0,75.0,35.9,14613.8
2026-07-16T19:26:00-07:00,stress,100.00,4.53,2800.0,75.0,35.9,14613.6
2026-07-16T19:26:01-07:00,stress,100.00,4.53,2800.0,75.0,35.9,14615.3
2026-07-16T19:26:02-07:00,stress,100.00,4.48,2800.0,74.0,35.9,14615.8
2026-07-16T19:26:03-07:00,stress,100.00,4.48,2800.0,75.0,35.9,14615.8
2026-07-16T19:26:05-07:00,stress,100.00,4.48,2800.0,74.0,35.9,14615.1
2026-07-16T19:26:06-07:00,stress,100.00,4.48,2800.0,73.0,35.9,14614.8
2026-07-16T19:26:07-07:00,stress,100.00,4.45,2800.0,74.0,35.9,14614.8
2026-07-16T19:26:08-07:00,stress,100.00,4.45,2800.0,74.0,35.9,14614.3
2026-07-16T19:26:09-07:00,stress,100.00,4.45,2800.0,75.0,35.9,14614.1
2026-07-16T19:26:11-07:00,stress,100.00,4.45,2800.0,74.0,35.9,14614.3
2026-07-16T19:26:12-07:00,stress,100.00,4.45,2800.0,74.0,35.9,14613.8
2026-07-16T19:26:13-07:00,stress,100.00,4.57,2800.0,74.0,35.9,14614.5
2026-07-16T19:26:14-07:00,stress,100.00,4.57,2800.0,75.0,35.9,14614.4
2026-07-16T19:26:15-07:00,stress,100.00,4.57,2800.0,75.0,35.9,14614.4
2026-07-16T19:26:16-07:00,stress,100.00,4.57,2800.0,74.0,35.9,14613.6
2026-07-16T19:26:18-07:00,stress,100.00,4.52,2800.0,75.0,35.9,14614.6
2026-07-16T19:26:19-07:00,stress,100.00,4.52,2800.0,74.0,35.9,14614.6
2026-07-16T19:26:20-07:00,stress,100.00,4.52,2800.0,75.0,35.9,14613.9
2026-07-16T19:26:21-07:00,stress,100.00,4.52,2800.0,74.0,35.9,14614.4
2026-07-16T19:26:22-07:00,stress,100.00,4.48,2800.0,75.0,35.9,14614.4
2026-07-16T19:26:24-07:00,stress,100.00,4.48,2800.0,75.0,35.9,14613.9
2026-07-16T19:26:25-07:00,stress,100.00,4.48,2800.0,75.0,35.9,14613.9
2026-07-16T19:26:26-07:00,stress,100.00,4.48,2800.0,74.0,35.9,14614.6
2026-07-16T19:26:27-07:00,stress,100.00,4.60,2800.0,76.0,35.9,14614.8
2026-07-16T19:26:28-07:00,stress,100.00,4.60,2800.0,75.0,35.9,14612.5
2026-07-16T19:26:29-07:00,stress,100.00,4.60,2800.0,76.0,35.9,14612.2
2026-07-16T19:26:31-07:00,stress,100.00,4.60,2800.0,75.0,35.9,14611.2
2026-07-16T19:26:32-07:00,stress,100.00,4.60,2800.0,76.0,35.9,14611.5
2026-07-16T19:26:33-07:00,stress,100.00,4.56,2800.0,75.0,35.9,14611.6
2026-07-16T19:26:34-07:00,stress,100.00,4.56,2800.0,75.0,35.9,14610.9
2026-07-16T19:26:35-07:00,stress,100.00,4.56,2800.0,75.0,35.9,14610.8
2026-07-16T19:26:37-07:00,stress,100.00,4.56,2800.0,75.0,35.9,14611.3
2026-07-16T19:26:38-07:00,stress,100.00,4.51,2800.0,75.0,35.9,14611.1
2026-07-16T19:26:39-07:00,stress,100.00,4.51,2800.0,75.0,35.9,14610.4
2026-07-16T19:26:40-07:00,stress,100.00,4.51,2800.0,74.0,35.9,14611.4
2026-07-16T19:26:41-07:00,stress,100.00,4.51,2800.0,75.0,35.9,14610.8
2026-07-16T19:26:43-07:00,stress,100.00,4.47,2800.0,75.0,35.9,14610.3
2026-07-16T19:26:44-07:00,stress,100.00,4.47,2800.0,75.0,35.9,14611.1
2026-07-16T19:26:45-07:00,stress,100.00,4.47,2800.0,76.0,35.9,14610.9
2026-07-16T19:26:46-07:00,stress,100.00,4.47,2800.0,75.0,35.9,14610.7
2026-07-16T19:26:47-07:00,stress,100.00,4.43,2800.0,75.0,35.9,14611.0
2026-07-16T19:26:49-07:00,stress,100.00,4.43,2800.0,75.0,35.9,14610.4
2026-07-16T19:26:50-07:00,stress,100.00,4.43,2800.0,75.0,35.9,14609.4
2026-07-16T19:26:51-07:00,stress,100.00,4.43,2800.0,75.0,35.9,14609.5
2026-07-16T19:26:52-07:00,stress,100.00,4.40,2800.0,75.0,35.9,14610.0
2026-07-16T19:26:53-07:00,stress,100.00,4.40,2800.0,75.0,35.9,14609.6
2026-07-16T19:26:54-07:00,stress,100.00,4.40,2800.0,76.0,35.9,14610.6
2026-07-16T19:26:56-07:00,stress,100.00,4.40,2800.0,74.0,35.9,14611.3
2026-07-16T19:26:57-07:00,stress,100.00,4.40,2800.0,75.0,35.9,14610.8
2026-07-16T19:26:58-07:00,stress,100.00,4.53,2800.0,74.0,35.9,14611.4
2026-07-16T19:26:59-07:00,stress,100.00,4.53,2800.0,75.0,35.9,14611.5
2026-07-16T19:27:00-07:00,stress,100.00,4.53,2800.0,74.0,35.9,14611.3
2026-07-16T19:27:02-07:00,stress,100.00,4.53,2800.0,74.0,35.9,14610.8
2026-07-16T19:27:03-07:00,stress,100.00,4.48,2800.0,75.0,35.9,14613.6
2026-07-16T19:27:04-07:00,stress,100.00,4.48,2800.0,75.0,35.9,14613.4
2026-07-16T19:27:05-07:00,stress,100.00,4.48,2800.0,76.0,35.9,14612.4
2026-07-16T19:27:06-07:00,stress,100.00,4.48,2800.0,75.0,35.9,14612.6
2026-07-16T19:27:07-07:00,stress,100.00,4.60,2800.0,75.0,35.9,14612.9
2026-07-16T19:27:09-07:00,stress,100.00,4.60,2800.0,76.0,35.9,14612.6
2026-07-16T19:27:10-07:00,stress,100.00,4.60,2800.0,74.0,35.9,14613.4
2026-07-16T19:27:11-07:00,stress,100.00,4.60,2800.0,76.0,35.9,14614.0
2026-07-16T19:27:12-07:00,stress,100.00,4.56,2800.0,76.0,35.9,14613.6
2026-07-16T19:27:13-07:00,stress,100.00,4.56,2800.0,75.0,35.9,14613.6
2026-07-16T19:27:15-07:00,stress,100.00,4.56,2800.0,75.0,35.9,14613.8
2026-07-16T19:27:16-07:00,stress,100.00,4.56,2800.0,75.0,35.9,14614.0
2026-07-16T19:27:17-07:00,stress,100.00,4.56,2800.0,75.0,35.9,14614.6
2026-07-16T19:27:18-07:00,stress,100.00,4.51,2800.0,74.0,35.9,14614.6
2026-07-16T19:27:19-07:00,stress,100.00,4.51,2800.0,74.0,35.9,14618.3
2026-07-16T19:27:20-07:00,idle,6.05,4.51,800.0,47.0,35.9,14619.6
2026-07-16T19:27:21-07:00,idle,5.00,4.51,800.0,48.0,35.9,14620.5
2026-07-16T19:27:23-07:00,idle,4.25,4.15,800.0,48.0,35.9,14621.5
2026-07-16T19:27:24-07:00,idle,4.00,4.15,2817.7,49.0,35.9,14621.0
2026-07-16T19:27:25-07:00,idle,5.75,4.15,800.0,48.0,35.9,14621.9
