timestamp,pkg_temp_c
2026-07-16T18:37:29-07:00,50.0
2026-07-16T18:37:30-07:00,58.0
2026-07-16T18:37:31-07:00,52.0
2026-07-16T18:37:32-07:00,53.0
2026-07-16T18:37:33-07:00,67.0
2026-07-16T18:37:34-07:00,51.0
2026-07-16T18:37:36-07:00,51.0
2026-07-16T18:37:37-07:00,69.0
2026-07-16T18:37:38-07:00,69.0
2026-07-16T18:37:39-07:00,70.0
2026-07-16T18:37:40-07:00,72.0
2026-07-16T18:37:41-07:00,73.0
2026-07-16T18:37:42-07:00,73.0
2026-07-16T18:37:43-07:00,73.0
2026-07-16T18:37:44-07:00,74.0
2026-07-16T18:37:45-07:00,73.0
2026-07-16T18:37:46-07:00,74.0
2026-07-16T18:37:48-07:00,74.0
2026-07-16T18:37:49-07:00,73.0
2026-07-16T18:37:50-07:00,73.0
2026-07-16T18:37:51-07:00,73.0
2026-07-16T18:37:52-07:00,73.0
2026-07-16T18:37:53-07:00,74.0
2026-07-16T18:37:54-07:00,74.0
2026-07-16T18:37:55-07:00,74.0
2026-07-16T18:37:56-07:00,73.0
2026-07-16T18:37:57-07:00,73.0
2026-07-16T18:37:59-07:00,74.0
2026-07-16T18:38:00-07:00,73.0
2026-07-16T18:38:01-07:00,75.0
2026-07-16T18:38:02-07:00,74.0
2026-07-16T18:38:03-07:00,76.0
2026-07-16T18:38:04-07:00,77.0
2026-07-16T18:38:05-07:00,77.0
2026-07-16T18:38:06-07:00,77.0
2026-07-16T18:38:07-07:00,75.0
2026-07-16T18:38:09-07:00,74.0
2026-07-16T18:38:10-07:00,74.0
2026-07-16T18:38:11-07:00,74.0
2026-07-16T18:38:12-07:00,74.0
2026-07-16T18:38:13-07:00,74.0
2026-07-16T18:38:14-07:00,74.0
2026-07-16T18:38:15-07:00,74.0
2026-07-16T18:38:16-07:00,74.0
2026-07-16T18:38:17-07:00,74.0
2026-07-16T18:38:18-07:00,75.0
2026-07-16T18:38:20-07:00,75.0
2026-07-16T18:38:21-07:00,75.0
2026-07-16T18:38:22-07:00,75.0
2026-07-16T18:38:23-07:00,75.0
2026-07-16T18:38:24-07:00,74.0
2026-07-16T18:38:25-07:00,75.0
2026-07-16T18:38:26-07:00,74.0
2026-07-16T18:38:27-07:00,75.0
2026-07-16T18:38:28-07:00,75.0
2026-07-16T18:38:29-07:00,74.0
2026-07-16T18:38:30-07:00,75.0
2026-07-16T18:38:31-07:00,75.0
2026-07-16T18:38:33-07:00,75.0
2026-07-16T18:38:34-07:00,77.0
2026-07-16T18:38:35-07:00,77.0
2026-07-16T18:38:36-07:00,77.0
2026-07-16T18:38:37-07:00,77.0
2026-07-16T18:38:38-07:00,77.0
2026-07-16T18:38:39-07:00,78.0
2026-07-16T18:38:40-07:00,77.0
2026-07-16T18:38:41-07:00,77.0
2026-07-16T18:38:42-07:00,77.0
2026-07-16T18:38:44-07:00,77.0
2026-07-16T18:38:45-07:00,75.0
2026-07-16T18:38:46-07:00,77.0
2026-07-16T18:38:47-07:00,75.0
2026-07-16T18:38:48-07:00,77.0
2026-07-16T18:38:49-07:00,76.0
2026-07-16T18:38:50-07:00,75.0
2026-07-16T18:38:51-07:00,76.0
2026-07-16T18:38:52-07:00,77.0
2026-07-16T18:38:53-07:00,76.0
2026-07-16T18:38:55-07:00,77.0
2026-07-16T18:38:56-07:00,76.0
2026-07-16T18:38:57-07:00,77.0
2026-07-16T18:38:58-07:00,76.0
2026-07-16T18:38:59-07:00,76.0
2026-07-16T18:39:00-07:00,76.0
2026-07-16T18:39:01-07:00,75.0
2026-07-16T18:39:02-07:00,76.0
2026-07-16T18:39:03-07:00,75.0
2026-07-16T18:39:04-07:00,75.0
2026-07-16T18:39:06-07:00,75.0
2026-07-16T18:39:07-07:00,76.0
2026-07-16T18:39:08-07:00,75.0
2026-07-16T18:39:09-07:00,77.0
2026-07-16T18:39:10-07:00,77.0
2026-07-16T18:39:11-07:00,78.0
2026-07-16T18:39:12-07:00,77.0
2026-07-16T18:39:13-07:00,77.0
2026-07-16T18:39:14-07:00,77.0
2026-07-16T18:39:15-07:00,77.0
2026-07-16T18:39:17-07:00,77.0
2026-07-16T18:39:18-07:00,77.0
2026-07-16T18:39:19-07:00,76.0
2026-07-16T18:39:20-07:00,77.0
2026-07-16T18:39:21-07:00,77.0
2026-07-16T18:39:22-07:00,77.0
2026-07-16T18:39:23-07:00,77.0
2026-07-16T18:39:24-07:00,75.0
2026-07-16T18:39:25-07:00,77.0
2026-07-16T18:39:27-07:00,75.0
2026-07-16T18:39:28-07:00,77.0
2026-07-16T18:39:29-07:00,76.0
2026-07-16T18:39:30-07:00,76.0
2026-07-16T18:39:31-07:00,76.0
2026-07-16T18:39:32-07:00,76.0
2026-07-16T18:39:33-07:00,76.0
2026-07-16T18:39:34-07:00,77.0
2026-07-16T18:39:35-07:00,76.0
2026-07-16T18:39:36-07:00,77.0
2026-07-16T18:39:37-07:00,77.0
2026-07-16T18:39:39-07:00,76.0
2026-07-16T18:39:40-07:00,76.0
2026-07-16T18:39:41-07:00,73.0
2026-07-16T18:39:42-07:00,77.0
2026-07-16T18:39:43-07:00,78.0
2026-07-16T18:39:44-07:00,77.0
2026-07-16T18:39:45-07:00,77.0
2026-07-16T18:39:46-07:00,77.0
2026-07-16T18:39:47-07:00,77.0
2026-07-16T18:39:49-07:00,76.0
2026-07-16T18:39:50-07:00,77.0
2026-07-16T18:39:51-07:00,77.0
2026-07-16T18:39:52-07:00,76.0
2026-07-16T18:39:53-07:00,77.0
2026-07-16T18:39:54-07:00,77.0
2026-07-16T18:39:55-07:00,76.0
2026-07-16T18:39:56-07:00,77.0
2026-07-16T18:39:57-07:00,77.0
2026-07-16T18:39:58-07:00,71.0
2026-07-16T18:40:00-07:00,77.0
2026-07-16T18:40:01-07:00,76.0
2026-07-16T18:40:02-07:00,77.0
2026-07-16T18:40:03-07:00,77.0
2026-07-16T18:40:04-07:00,77.0
2026-07-16T18:40:05-07:00,76.0
2026-07-16T18:40:06-07:00,76.0
2026-07-16T18:40:07-07:00,77.0
2026-07-16T18:40:08-07:00,77.0
2026-07-16T18:40:09-07:00,77.0
2026-07-16T18:40:11-07:00,77.0
2026-07-16T18:40:12-07:00,77.0
2026-07-16T18:40:13-07:00,77.0
2026-07-16T18:40:14-07:00,77.0
2026-07-16T18:40:15-07:00,76.0
2026-07-16T18:40:16-07:00,76.0
2026-07-16T18:40:17-07:00,77.0
2026-07-16T18:40:18-07:00,76.0
2026-07-16T18:40:19-07:00,77.0
2026-07-16T18:40:21-07:00,77.0
2026-07-16T18:40:22-07:00,77.0
2026-07-16T18:40:23-07:00,77.0
2026-07-16T18:40:24-07:00,77.0
2026-07-16T18:40:25-07:00,77.0
2026-07-16T18:40:26-07:00,77.0
2026-07-16T18:40:27-07:00,77.0
2026-07-16T18:40:28-07:00,77.0
2026-07-16T18:40:29-07:00,77.0
2026-07-16T18:40:31-07:00,77.0
2026-07-16T18:40:32-07:00,77.0
2026-07-16T18:40:33-07:00,77.0
2026-07-16T18:40:34-07:00,76.0
2026-07-16T18:40:35-07:00,76.0
2026-07-16T18:40:36-07:00,77.0
2026-07-16T18:40:37-07:00,77.0
2026-07-16T18:40:38-07:00,76.0
2026-07-16T18:40:39-07:00,77.0
2026-07-16T18:40:40-07:00,77.0
2026-07-16T18:40:42-07:00,77.0
2026-07-16T18:40:43-07:00,77.0
2026-07-16T18:40:44-07:00,77.0
2026-07-16T18:40:45-07:00,77.0
2026-07-16T18:40:46-07:00,77.0
2026-07-16T18:40:47-07:00,76.0
2026-07-16T18:40:48-07:00,76.0
2026-07-16T18:40:49-07:00,76.0
2026-07-16T18:40:50-07:00,79.0
2026-07-16T18:40:51-07:00,78.0
2026-07-16T18:40:53-07:00,78.0
2026-07-16T18:40:54-07:00,78.0
2026-07-16T18:40:55-07:00,77.0
2026-07-16T18:40:56-07:00,77.0
2026-07-16T18:40:57-07:00,77.0
2026-07-16T18:40:58-07:00,77.0
2026-07-16T18:40:59-07:00,77.0
2026-07-16T18:41:00-07:00,77.0
2026-07-16T18:41:01-07:00,76.0
2026-07-16T18:41:02-07:00,76.0
2026-07-16T18:41:04-07:00,77.0
2026-07-16T18:41:05-07:00,77.0
2026-07-16T18:41:06-07:00,74.0
2026-07-16T18:41:07-07:00,77.0
2026-07-16T18:41:08-07:00,77.0
2026-07-16T18:41:09-07:00,77.0
2026-07-16T18:41:10-07:00,77.0
2026-07-16T18:41:11-07:00,77.0
2026-07-16T18:41:12-07:00,77.0
2026-07-16T18:41:13-07:00,76.0
2026-07-16T18:41:15-07:00,77.0
2026-07-16T18:41:16-07:00,77.0
2026-07-16T18:41:17-07:00,76.0
2026-07-16T18:41:18-07:00,76.0
2026-07-16T18:41:19-07:00,77.0
2026-07-16T18:41:20-07:00,77.0
2026-07-16T18:41:21-07:00,77.0
2026-07-16T18:41:22-07:00,77.0
2026-07-16T18:41:23-07:00,77.0
2026-07-16T18:41:25-07:00,77.0
2026-07-16T18:41:26-07:00,74.0
2026-07-16T18:41:27-07:00,74.0
2026-07-16T18:41:28-07:00,77.0
2026-07-16T18:41:29-07:00,77.0
2026-07-16T18:41:30-07:00,77.0
2026-07-16T18:41:31-07:00,77.0
2026-07-16T18:41:32-07:00,77.0
2026-07-16T18:41:33-07:00,77.0
2026-07-16T18:41:34-07:00,77.0
2026-07-16T18:41:36-07:00,77.0
2026-07-16T18:41:37-07:00,77.0
2026-07-16T18:41:38-07:00,77.0
2026-07-16T18:41:39-07:00,77.0
2026-07-16T18:41:40-07:00,76.0
2026-07-16T18:41:41-07:00,77.0
2026-07-16T18:41:42-07:00,77.0
2026-07-16T18:41:43-07:00,77.0
2026-07-16T18:41:44-07:00,77.0
2026-07-16T18:41:45-07:00,77.0
2026-07-16T18:41:47-07:00,77.0
2026-07-16T18:41:48-07:00,77.0
2026-07-16T18:41:49-07:00,77.0
2026-07-16T18:41:50-07:00,77.0
2026-07-16T18:41:51-07:00,77.0
2026-07-16T18:41:52-07:00,77.0
2026-07-16T18:41:54-07:00,77.0
2026-07-16T18:41:55-07:00,76.0
2026-07-16T18:41:56-07:00,77.0
2026-07-16T18:41:57-07:00,78.0
2026-07-16T18:41:58-07:00,79.0
2026-07-16T18:41:59-07:00,78.0
2026-07-16T18:42:00-07:00,77.0
2026-07-16T18:42:01-07:00,77.0
2026-07-16T18:42:02-07:00,78.0
2026-07-16T18:42:03-07:00,77.0
2026-07-16T18:42:05-07:00,77.0
2026-07-16T18:42:06-07:00,77.0
2026-07-16T18:42:07-07:00,78.0
2026-07-16T18:42:08-07:00,77.0
2026-07-16T18:42:09-07:00,77.0
2026-07-16T18:42:10-07:00,77.0
2026-07-16T18:42:11-07:00,77.0
2026-07-16T18:42:12-07:00,78.0
2026-07-16T18:42:13-07:00,77.0
2026-07-16T18:42:14-07:00,77.0
2026-07-16T18:42:16-07:00,77.0
2026-07-16T18:42:17-07:00,77.0
2026-07-16T18:42:18-07:00,77.0
2026-07-16T18:42:19-07:00,77.0
2026-07-16T18:42:20-07:00,77.0
2026-07-16T18:42:21-07:00,77.0
2026-07-16T18:42:22-07:00,77.0
2026-07-16T18:42:23-07:00,76.0
2026-07-16T18:42:24-07:00,77.0
2026-07-16T18:42:25-07:00,77.0
2026-07-16T18:42:27-07:00,77.0
2026-07-16T18:42:28-07:00,77.0
2026-07-16T18:42:29-07:00,77.0
2026-07-16T18:42:30-07:00,77.0
2026-07-16T18:42:31-07:00,77.0
2026-07-16T18:42:32-07:00,77.0
2026-07-16T18:42:33-07:00,77.0
2026-07-16T18:42:34-07:00,75.0
2026-07-16T18:42:35-07:00,72.0
2026-07-16T18:42:37-07:00,78.0
2026-07-16T18:42:38-07:00,77.0
2026-07-16T18:42:39-07:00,78.0
2026-07-16T18:42:40-07:00,78.0
2026-07-16T18:42:41-07:00,78.0
2026-07-16T18:42:42-07:00,77.0
2026-07-16T18:42:43-07:00,77.0
2026-07-16T18:42:44-07:00,77.0
2026-07-16T18:42:45-07:00,76.0
2026-07-16T18:42:46-07:00,77.0
2026-07-16T18:42:48-07:00,77.0
2026-07-16T18:42:49-07:00,77.0
2026-07-16T18:42:50-07:00,77.0
2026-07-16T18:42:51-07:00,77.0
2026-07-16T18:42:52-07:00,77.0
2026-07-16T18:42:53-07:00,77.0
2026-07-16T18:42:54-07:00,77.0
2026-07-16T18:42:55-07:00,77.0
2026-07-16T18:42:56-07:00,77.0
2026-07-16T18:42:58-07:00,77.0
2026-07-16T18:42:59-07:00,77.0
2026-07-16T18:43:00-07:00,77.0
2026-07-16T18:43:01-07:00,77.0
2026-07-16T18:43:02-07:00,77.0
2026-07-16T18:43:03-07:00,77.0
2026-07-16T18:43:04-07:00,77.0
2026-07-16T18:43:05-07:00,78.0
2026-07-16T18:43:06-07:00,79.0
2026-07-16T18:43:08-07:00,78.0
2026-07-16T18:43:09-07:00,77.0
2026-07-16T18:43:10-07:00,77.0
2026-07-16T18:43:11-07:00,78.0
2026-07-16T18:43:12-07:00,77.0
2026-07-16T18:43:13-07:00,77.0
2026-07-16T18:43:14-07:00,77.0
2026-07-16T18:43:15-07:00,78.0
2026-07-16T18:43:16-07:00,78.0
2026-07-16T18:43:17-07:00,78.0
2026-07-16T18:43:19-07:00,78.0
2026-07-16T18:43:20-07:00,78.0
2026-07-16T18:43:21-07:00,77.0
2026-07-16T18:43:22-07:00,77.0
2026-07-16T18:43:23-07:00,77.0
2026-07-16T18:43:24-07:00,77.0
2026-07-16T18:43:25-07:00,77.0
2026-07-16T18:43:26-07:00,77.0
2026-07-16T18:43:27-07:00,77.0
2026-07-16T18:43:29-07:00,77.0
2026-07-16T18:43:30-07:00,77.0
2026-07-16T18:43:31-07:00,77.0
2026-07-16T18:43:32-07:00,76.0
2026-07-16T18:43:33-07:00,77.0
2026-07-16T18:43:34-07:00,77.0
2026-07-16T18:43:35-07:00,77.0
2026-07-16T18:43:36-07:00,77.0
2026-07-16T18:43:37-07:00,77.0
2026-07-16T18:43:38-07:00,77.0
2026-07-16T18:43:40-07:00,77.0
2026-07-16T18:43:41-07:00,77.0
2026-07-16T18:43:42-07:00,77.0
2026-07-16T18:43:43-07:00,77.0
2026-07-16T18:43:44-07:00,77.0
2026-07-16T18:43:45-07:00,78.0
2026-07-16T18:43:46-07:00,78.0
2026-07-16T18:43:47-07:00,77.0
2026-07-16T18:43:48-07:00,78.0
2026-07-16T18:43:49-07:00,78.0
2026-07-16T18:43:51-07:00,77.0
2026-07-16T18:43:52-07:00,77.0
2026-07-16T18:43:53-07:00,77.0
2026-07-16T18:43:54-07:00,77.0
2026-07-16T18:43:55-07:00,77.0
2026-07-16T18:43:56-07:00,77.0
2026-07-16T18:43:57-07:00,77.0
2026-07-16T18:43:58-07:00,77.0
2026-07-16T18:43:59-07:00,77.0
2026-07-16T18:44:00-07:00,77.0
2026-07-16T18:44:02-07:00,77.0
2026-07-16T18:44:03-07:00,77.0
2026-07-16T18:44:04-07:00,77.0
2026-07-16T18:44:05-07:00,77.0
2026-07-16T18:44:06-07:00,77.0
2026-07-16T18:44:07-07:00,78.0
2026-07-16T18:44:08-07:00,77.0
2026-07-16T18:44:09-07:00,77.0
2026-07-16T18:44:10-07:00,77.0
2026-07-16T18:44:11-07:00,77.0
2026-07-16T18:44:13-07:00,77.0
2026-07-16T18:44:14-07:00,78.0
2026-07-16T18:44:15-07:00,78.0
2026-07-16T18:44:16-07:00,78.0
2026-07-16T18:44:17-07:00,79.0
2026-07-16T18:44:18-07:00,77.0
2026-07-16T18:44:19-07:00,77.0
2026-07-16T18:44:20-07:00,77.0
2026-07-16T18:44:21-07:00,78.0
2026-07-16T18:44:23-07:00,77.0
2026-07-16T18:44:24-07:00,77.0
2026-07-16T18:44:25-07:00,77.0
2026-07-16T18:44:26-07:00,77.0
2026-07-16T18:44:27-07:00,76.0
2026-07-16T18:44:28-07:00,77.0
2026-07-16T18:44:29-07:00,77.0
2026-07-16T18:44:30-07:00,77.0
2026-07-16T18:44:31-07:00,77.0
2026-07-16T18:44:33-07:00,78.0
2026-07-16T18:44:34-07:00,77.0
2026-07-16T18:44:35-07:00,77.0
2026-07-16T18:44:36-07:00,76.0
2026-07-16T18:44:37-07:00,77.0
2026-07-16T18:44:38-07:00,77.0
2026-07-16T18:44:39-07:00,77.0
2026-07-16T18:44:40-07:00,78.0
2026-07-16T18:44:41-07:00,77.0
2026-07-16T18:44:42-07:00,77.0
2026-07-16T18:44:44-07:00,77.0
2026-07-16T18:44:45-07:00,77.0
2026-07-16T18:44:46-07:00,77.0
2026-07-16T18:44:47-07:00,77.0
2026-07-16T18:44:48-07:00,77.0
2026-07-16T18:44:49-07:00,76.0
2026-07-16T18:44:50-07:00,78.0
2026-07-16T18:44:51-07:00,76.0
2026-07-16T18:44:52-07:00,77.0
2026-07-16T18:44:53-07:00,77.0
2026-07-16T18:44:55-07:00,77.0
2026-07-16T18:44:56-07:00,77.0
2026-07-16T18:44:57-07:00,77.0
2026-07-16T18:44:58-07:00,77.0
2026-07-16T18:44:59-07:00,77.0
2026-07-16T18:45:00-07:00,78.0
2026-07-16T18:45:01-07:00,77.0
2026-07-16T18:45:02-07:00,77.0
2026-07-16T18:45:03-07:00,77.0
2026-07-16T18:45:04-07:00,77.0
2026-07-16T18:45:06-07:00,77.0
2026-07-16T18:45:07-07:00,77.0
2026-07-16T18:45:08-07:00,77.0
2026-07-16T18:45:09-07:00,77.0
2026-07-16T18:45:10-07:00,77.0
2026-07-16T18:45:11-07:00,77.0
2026-07-16T18:45:12-07:00,78.0
2026-07-16T18:45:13-07:00,77.0
2026-07-16T18:45:14-07:00,77.0
2026-07-16T18:45:16-07:00,77.0
2026-07-16T18:45:17-07:00,77.0
2026-07-16T18:45:18-07:00,77.0
2026-07-16T18:45:19-07:00,77.0
2026-07-16T18:45:20-07:00,77.0
2026-07-16T18:45:21-07:00,77.0
2026-07-16T18:45:22-07:00,78.0
2026-07-16T18:45:23-07:00,79.0
2026-07-16T18:45:24-07:00,78.0
2026-07-16T18:45:25-07:00,77.0
2026-07-16T18:45:27-07:00,78.0
2026-07-16T18:45:28-07:00,77.0
2026-07-16T18:45:29-07:00,77.0
2026-07-16T18:45:30-07:00,77.0
2026-07-16T18:45:31-07:00,77.0
2026-07-16T18:45:32-07:00,77.0
2026-07-16T18:45:33-07:00,78.0
2026-07-16T18:45:34-07:00,78.0
2026-07-16T18:45:35-07:00,77.0
2026-07-16T18:45:37-07:00,77.0
2026-07-16T18:45:38-07:00,77.0
2026-07-16T18:45:39-07:00,77.0
2026-07-16T18:45:40-07:00,77.0
2026-07-16T18:45:41-07:00,77.0
2026-07-16T18:45:42-07:00,77.0
2026-07-16T18:45:43-07:00,77.0
2026-07-16T18:45:44-07:00,77.0
2026-07-16T18:45:45-07:00,77.0
2026-07-16T18:45:47-07:00,77.0
2026-07-16T18:45:48-07:00,77.0
2026-07-16T18:45:49-07:00,77.0
2026-07-16T18:45:50-07:00,77.0
2026-07-16T18:45:51-07:00,76.0
2026-07-16T18:45:52-07:00,77.0
2026-07-16T18:45:53-07:00,77.0
2026-07-16T18:45:54-07:00,76.0
2026-07-16T18:45:55-07:00,77.0
2026-07-16T18:45:56-07:00,77.0
2026-07-16T18:45:58-07:00,76.0
2026-07-16T18:45:59-07:00,78.0
2026-07-16T18:46:00-07:00,76.0
2026-07-16T18:46:01-07:00,76.0
2026-07-16T18:46:02-07:00,77.0
2026-07-16T18:46:03-07:00,77.0
2026-07-16T18:46:04-07:00,77.0
2026-07-16T18:46:05-07:00,77.0
2026-07-16T18:46:06-07:00,77.0
2026-07-16T18:46:07-07:00,77.0
2026-07-16T18:46:09-07:00,77.0
2026-07-16T18:46:10-07:00,77.0
2026-07-16T18:46:11-07:00,77.0
2026-07-16T18:46:12-07:00,77.0
2026-07-16T18:46:13-07:00,78.0
2026-07-16T18:46:14-07:00,77.0
2026-07-16T18:46:15-07:00,77.0
2026-07-16T18:46:16-07:00,77.0
2026-07-16T18:46:17-07:00,77.0
2026-07-16T18:46:18-07:00,77.0
2026-07-16T18:46:20-07:00,78.0
2026-07-16T18:46:21-07:00,76.0
2026-07-16T18:46:22-07:00,77.0
2026-07-16T18:46:23-07:00,77.0
2026-07-16T18:46:24-07:00,77.0
2026-07-16T18:46:25-07:00,77.0
2026-07-16T18:46:26-07:00,77.0
2026-07-16T18:46:27-07:00,77.0
2026-07-16T18:46:28-07:00,77.0
2026-07-16T18:46:29-07:00,77.0
2026-07-16T18:46:31-07:00,78.0
2026-07-16T18:46:32-07:00,78.0
2026-07-16T18:46:33-07:00,77.0
2026-07-16T18:46:34-07:00,78.0
2026-07-16T18:46:35-07:00,77.0
2026-07-16T18:46:36-07:00,78.0
2026-07-16T18:46:37-07:00,77.0
2026-07-16T18:46:38-07:00,78.0
2026-07-16T18:46:39-07:00,78.0
2026-07-16T18:46:40-07:00,78.0
2026-07-16T18:46:42-07:00,77.0
2026-07-16T18:46:43-07:00,77.0
2026-07-16T18:46:44-07:00,78.0
2026-07-16T18:46:45-07:00,77.0
2026-07-16T18:46:46-07:00,77.0
2026-07-16T18:46:47-07:00,77.0
2026-07-16T18:46:48-07:00,77.0
2026-07-16T18:46:49-07:00,77.0
2026-07-16T18:46:50-07:00,77.0
2026-07-16T18:46:52-07:00,77.0
2026-07-16T18:46:53-07:00,77.0
2026-07-16T18:46:54-07:00,77.0
2026-07-16T18:46:55-07:00,77.0
2026-07-16T18:46:56-07:00,77.0
2026-07-16T18:46:57-07:00,77.0
2026-07-16T18:46:58-07:00,78.0
2026-07-16T18:46:59-07:00,77.0
2026-07-16T18:47:00-07:00,77.0
2026-07-16T18:47:01-07:00,77.0
2026-07-16T18:47:03-07:00,78.0
2026-07-16T18:47:04-07:00,77.0
2026-07-16T18:47:05-07:00,78.0
2026-07-16T18:47:06-07:00,76.0
2026-07-16T18:47:07-07:00,75.0
2026-07-16T18:47:08-07:00,78.0
2026-07-16T18:47:09-07:00,78.0
2026-07-16T18:47:10-07:00,77.0
2026-07-16T18:47:11-07:00,78.0
2026-07-16T18:47:13-07:00,78.0
2026-07-16T18:47:14-07:00,77.0
2026-07-16T18:47:15-07:00,78.0
2026-07-16T18:47:16-07:00,78.0
2026-07-16T18:47:17-07:00,78.0
2026-07-16T18:47:18-07:00,78.0
2026-07-16T18:47:19-07:00,77.0
2026-07-16T18:47:20-07:00,77.0
2026-07-16T18:47:21-07:00,77.0
2026-07-16T18:47:22-07:00,78.0
2026-07-16T18:47:24-07:00,77.0
2026-07-16T18:47:25-07:00,77.0
2026-07-16T18:47:26-07:00,77.0
2026-07-16T18:47:27-07:00,78.0
2026-07-16T18:47:28-07:00,77.0
2026-07-16T18:47:29-07:00,78.0
2026-07-16T18:47:30-07:00,78.0
2026-07-16T18:47:31-07:00,77.0
2026-07-16T18:47:32-07:00,78.0
2026-07-16T18:47:33-07:00,78.0
2026-07-16T18:47:35-07:00,78.0
2026-07-16T18:47:36-07:00,77.0
2026-07-16T18:47:37-07:00,79.0
2026-07-16T18:47:38-07:00,79.0
2026-07-16T18:47:39-07:00,77.0
2026-07-16T18:47:40-07:00,78.0
2026-07-16T18:47:41-07:00,78.0
2026-07-16T18:47:42-07:00,77.0
2026-07-16T18:47:43-07:00,77.0
2026-07-16T18:47:45-07:00,77.0
2026-07-16T18:47:46-07:00,79.0
2026-07-16T18:47:47-07:00,77.0
2026-07-16T18:47:48-07:00,78.0
2026-07-16T18:47:49-07:00,77.0
2026-07-16T18:47:50-07:00,78.0
2026-07-16T18:47:51-07:00,77.0
2026-07-16T18:47:52-07:00,77.0
2026-07-16T18:47:53-07:00,77.0
2026-07-16T18:47:54-07:00,77.0
2026-07-16T18:47:56-07:00,77.0
2026-07-16T18:47:57-07:00,77.0
2026-07-16T18:47:58-07:00,77.0
2026-07-16T18:47:59-07:00,77.0
2026-07-16T18:48:00-07:00,77.0
2026-07-16T18:48:01-07:00,77.0
2026-07-16T18:48:02-07:00,77.0
2026-07-16T18:48:03-07:00,78.0
2026-07-16T18:48:04-07:00,77.0
2026-07-16T18:48:05-07:00,77.0
2026-07-16T18:48:07-07:00,78.0
2026-07-16T18:48:08-07:00,77.0
2026-07-16T18:48:09-07:00,77.0
2026-07-16T18:48:10-07:00,77.0
2026-07-16T18:48:11-07:00,77.0
2026-07-16T18:48:12-07:00,78.0
2026-07-16T18:48:13-07:00,75.0
2026-07-16T18:48:14-07:00,66.0
2026-07-16T18:48:15-07:00,78.0
2026-07-16T18:48:17-07:00,78.0
2026-07-16T18:48:18-07:00,77.0
2026-07-16T18:48:19-07:00,77.0
2026-07-16T18:48:20-07:00,78.0
2026-07-16T18:48:21-07:00,77.0
2026-07-16T18:48:22-07:00,77.0
2026-07-16T18:48:23-07:00,77.0
2026-07-16T18:48:24-07:00,77.0
2026-07-16T18:48:25-07:00,77.0
2026-07-16T18:48:26-07:00,77.0
2026-07-16T18:48:28-07:00,77.0
2026-07-16T18:48:29-07:00,77.0
2026-07-16T18:48:30-07:00,77.0
2026-07-16T18:48:31-07:00,77.0
2026-07-16T18:48:32-07:00,77.0
2026-07-16T18:48:33-07:00,77.0
2026-07-16T18:48:34-07:00,77.0
2026-07-16T18:48:35-07:00,77.0
2026-07-16T18:48:36-07:00,77.0
2026-07-16T18:48:38-07:00,77.0
2026-07-16T18:48:39-07:00,78.0
2026-07-16T18:48:40-07:00,77.0
2026-07-16T18:48:41-07:00,77.0
2026-07-16T18:48:42-07:00,77.0
2026-07-16T18:48:43-07:00,77.0
2026-07-16T18:48:44-07:00,79.0
2026-07-16T18:48:45-07:00,78.0
2026-07-16T18:48:46-07:00,78.0
2026-07-16T18:48:47-07:00,77.0
2026-07-16T18:48:49-07:00,78.0
2026-07-16T18:48:50-07:00,77.0
2026-07-16T18:48:51-07:00,77.0
2026-07-16T18:48:52-07:00,77.0
2026-07-16T18:48:53-07:00,77.0
2026-07-16T18:48:54-07:00,77.0
2026-07-16T18:48:55-07:00,77.0
2026-07-16T18:48:56-07:00,78.0
2026-07-16T18:48:57-07:00,77.0
2026-07-16T18:48:58-07:00,77.0
2026-07-16T18:49:00-07:00,77.0
2026-07-16T18:49:01-07:00,78.0
2026-07-16T18:49:02-07:00,77.0
2026-07-16T18:49:03-07:00,77.0
2026-07-16T18:49:04-07:00,79.0
2026-07-16T18:49:05-07:00,77.0
2026-07-16T18:49:06-07:00,77.0
2026-07-16T18:49:07-07:00,77.0
2026-07-16T18:49:08-07:00,77.0
2026-07-16T18:49:09-07:00,77.0
2026-07-16T18:49:11-07:00,77.0
2026-07-16T18:49:12-07:00,77.0
2026-07-16T18:49:13-07:00,77.0
2026-07-16T18:49:14-07:00,78.0
2026-07-16T18:49:15-07:00,77.0
2026-07-16T18:49:16-07:00,77.0
2026-07-16T18:49:17-07:00,78.0
2026-07-16T18:49:18-07:00,77.0
2026-07-16T18:49:19-07:00,77.0
2026-07-16T18:49:20-07:00,77.0
2026-07-16T18:49:22-07:00,78.0
2026-07-16T18:49:23-07:00,77.0
2026-07-16T18:49:24-07:00,78.0
2026-07-16T18:49:25-07:00,77.0
2026-07-16T18:49:26-07:00,78.0
2026-07-16T18:49:27-07:00,79.0
2026-07-16T18:49:28-07:00,78.0
2026-07-16T18:49:29-07:00,77.0
2026-07-16T18:49:30-07:00,77.0
2026-07-16T18:49:31-07:00,77.0
2026-07-16T18:49:33-07:00,78.0
2026-07-16T18:49:34-07:00,77.0
2026-07-16T18:49:35-07:00,77.0
2026-07-16T18:49:36-07:00,77.0
2026-07-16T18:49:37-07:00,78.0
2026-07-16T18:49:38-07:00,78.0
2026-07-16T18:49:39-07:00,78.0
2026-07-16T18:49:40-07:00,77.0
2026-07-16T18:49:41-07:00,78.0
2026-07-16T18:49:42-07:00,77.0
2026-07-16T18:49:44-07:00,78.0
2026-07-16T18:49:45-07:00,78.0
2026-07-16T18:49:46-07:00,77.0
2026-07-16T18:49:47-07:00,77.0
2026-07-16T18:49:48-07:00,77.0
2026-07-16T18:49:49-07:00,78.0
2026-07-16T18:49:50-07:00,78.0
2026-07-16T18:49:51-07:00,80.0
2026-07-16T18:49:52-07:00,79.0
2026-07-16T18:49:54-07:00,78.0
2026-07-16T18:49:55-07:00,79.0
2026-07-16T18:49:56-07:00,78.0
2026-07-16T18:49:57-07:00,78.0
2026-07-16T18:49:58-07:00,78.0
2026-07-16T18:49:59-07:00,77.0
2026-07-16T18:50:00-07:00,78.0
2026-07-16T18:50:01-07:00,76.0
2026-07-16T18:50:02-07:00,78.0
2026-07-16T18:50:03-07:00,78.0
2026-07-16T18:50:05-07:00,77.0
2026-07-16T18:50:06-07:00,78.0
2026-07-16T18:50:07-07:00,77.0
2026-07-16T18:50:08-07:00,77.0
2026-07-16T18:50:09-07:00,78.0
2026-07-16T18:50:10-07:00,78.0
2026-07-16T18:50:11-07:00,77.0
2026-07-16T18:50:12-07:00,78.0
2026-07-16T18:50:13-07:00,78.0
2026-07-16T18:50:15-07:00,77.0
2026-07-16T18:50:16-07:00,77.0
2026-07-16T18:50:17-07:00,77.0
2026-07-16T18:50:18-07:00,78.0
2026-07-16T18:50:19-07:00,77.0
2026-07-16T18:50:20-07:00,77.0
2026-07-16T18:50:21-07:00,77.0
2026-07-16T18:50:22-07:00,77.0
2026-07-16T18:50:23-07:00,77.0
2026-07-16T18:50:24-07:00,77.0
2026-07-16T18:50:26-07:00,77.0
2026-07-16T18:50:27-07:00,77.0
2026-07-16T18:50:28-07:00,76.0
2026-07-16T18:50:29-07:00,78.0
2026-07-16T18:50:30-07:00,78.0
2026-07-16T18:50:31-07:00,78.0
2026-07-16T18:50:32-07:00,77.0
2026-07-16T18:50:33-07:00,78.0
2026-07-16T18:50:34-07:00,77.0
2026-07-16T18:50:35-07:00,77.0
2026-07-16T18:50:37-07:00,78.0
2026-07-16T18:50:38-07:00,78.0
2026-07-16T18:50:39-07:00,77.0
2026-07-16T18:50:40-07:00,78.0
2026-07-16T18:50:41-07:00,77.0
2026-07-16T18:50:42-07:00,78.0
2026-07-16T18:50:43-07:00,78.0
2026-07-16T18:50:44-07:00,77.0
2026-07-16T18:50:45-07:00,78.0
2026-07-16T18:50:46-07:00,77.0
2026-07-16T18:50:48-07:00,78.0
2026-07-16T18:50:49-07:00,77.0
2026-07-16T18:50:50-07:00,78.0
2026-07-16T18:50:51-07:00,78.0
2026-07-16T18:50:52-07:00,77.0
2026-07-16T18:50:53-07:00,77.0
2026-07-16T18:50:54-07:00,77.0
2026-07-16T18:50:55-07:00,77.0
2026-07-16T18:50:56-07:00,77.0
2026-07-16T18:50:58-07:00,78.0
2026-07-16T18:50:59-07:00,80.0
2026-07-16T18:51:00-07:00,78.0
2026-07-16T18:51:01-07:00,78.0
2026-07-16T18:51:02-07:00,78.0
2026-07-16T18:51:03-07:00,77.0
2026-07-16T18:51:04-07:00,77.0
2026-07-16T18:51:05-07:00,77.0
2026-07-16T18:51:06-07:00,77.0
2026-07-16T18:51:07-07:00,78.0
2026-07-16T18:51:09-07:00,78.0
2026-07-16T18:51:10-07:00,77.0
2026-07-16T18:51:11-07:00,77.0
2026-07-16T18:51:12-07:00,78.0
2026-07-16T18:51:13-07:00,77.0
2026-07-16T18:51:14-07:00,77.0
2026-07-16T18:51:15-07:00,77.0
2026-07-16T18:51:16-07:00,77.0
2026-07-16T18:51:17-07:00,77.0
2026-07-16T18:51:18-07:00,77.0
2026-07-16T18:51:20-07:00,77.0
2026-07-16T18:51:21-07:00,76.0
2026-07-16T18:51:22-07:00,77.0
2026-07-16T18:51:23-07:00,77.0
2026-07-16T18:51:24-07:00,77.0
2026-07-16T18:51:25-07:00,77.0
2026-07-16T18:51:26-07:00,77.0
2026-07-16T18:51:27-07:00,77.0
2026-07-16T18:51:28-07:00,77.0
2026-07-16T18:51:30-07:00,77.0
2026-07-16T18:51:31-07:00,77.0
2026-07-16T18:51:32-07:00,77.0
2026-07-16T18:51:33-07:00,77.0
2026-07-16T18:51:34-07:00,76.0
2026-07-16T18:51:35-07:00,75.0
2026-07-16T18:51:36-07:00,77.0
2026-07-16T18:51:37-07:00,77.0
2026-07-16T18:51:38-07:00,77.0
2026-07-16T18:51:39-07:00,77.0
2026-07-16T18:51:41-07:00,77.0
2026-07-16T18:51:42-07:00,77.0
2026-07-16T18:51:43-07:00,77.0
2026-07-16T18:51:44-07:00,78.0
2026-07-16T18:51:45-07:00,77.0
2026-07-16T18:51:46-07:00,78.0
2026-07-16T18:51:47-07:00,78.0
2026-07-16T18:51:48-07:00,78.0
2026-07-16T18:51:49-07:00,77.0
2026-07-16T18:51:51-07:00,77.0
2026-07-16T18:51:52-07:00,77.0
2026-07-16T18:51:53-07:00,77.0
2026-07-16T18:51:54-07:00,77.0
2026-07-16T18:51:55-07:00,77.0
2026-07-16T18:51:56-07:00,77.0
2026-07-16T18:51:57-07:00,77.0
2026-07-16T18:51:58-07:00,77.0
2026-07-16T18:51:59-07:00,77.0
2026-07-16T18:52:00-07:00,77.0
2026-07-16T18:52:02-07:00,77.0
2026-07-16T18:52:03-07:00,77.0
2026-07-16T18:52:04-07:00,77.0
2026-07-16T18:52:05-07:00,77.0
2026-07-16T18:52:06-07:00,79.0
2026-07-16T18:52:07-07:00,80.0
2026-07-16T18:52:08-07:00,78.0
2026-07-16T18:52:09-07:00,78.0
2026-07-16T18:52:10-07:00,77.0
2026-07-16T18:52:12-07:00,77.0
2026-07-16T18:52:13-07:00,77.0
2026-07-16T18:52:14-07:00,78.0
2026-07-16T18:52:15-07:00,77.0
2026-07-16T18:52:16-07:00,77.0
2026-07-16T18:52:17-07:00,77.0
2026-07-16T18:52:18-07:00,77.0
2026-07-16T18:52:19-07:00,77.0
2026-07-16T18:52:20-07:00,77.0
2026-07-16T18:52:21-07:00,70.0
2026-07-16T18:52:23-07:00,78.0
2026-07-16T18:52:24-07:00,77.0
2026-07-16T18:52:25-07:00,77.0
2026-07-16T18:52:26-07:00,77.0
2026-07-16T18:52:27-07:00,77.0
2026-07-16T18:52:28-07:00,78.0
2026-07-16T18:52:29-07:00,77.0
2026-07-16T18:52:30-07:00,77.0
2026-07-16T18:52:31-07:00,77.0
2026-07-16T18:52:32-07:00,77.0
2026-07-16T18:52:34-07:00,77.0
2026-07-16T18:52:35-07:00,77.0
2026-07-16T18:52:36-07:00,77.0
2026-07-16T18:52:37-07:00,77.0
2026-07-16T18:52:38-07:00,77.0
2026-07-16T18:52:39-07:00,77.0
2026-07-16T18:52:40-07:00,76.0
2026-07-16T18:52:41-07:00,77.0
2026-07-16T18:52:42-07:00,75.0
2026-07-16T18:52:43-07:00,77.0
2026-07-16T18:52:45-07:00,77.0
2026-07-16T18:52:46-07:00,77.0
2026-07-16T18:52:47-07:00,77.0
2026-07-16T18:52:48-07:00,77.0
2026-07-16T18:52:49-07:00,77.0
2026-07-16T18:52:50-07:00,77.0
2026-07-16T18:52:51-07:00,77.0
2026-07-16T18:52:52-07:00,77.0
2026-07-16T18:52:53-07:00,77.0
2026-07-16T18:52:54-07:00,77.0
2026-07-16T18:52:56-07:00,77.0
2026-07-16T18:52:57-07:00,77.0
2026-07-16T18:52:58-07:00,77.0
2026-07-16T18:52:59-07:00,77.0
2026-07-16T18:53:00-07:00,77.0
2026-07-16T18:53:01-07:00,77.0
2026-07-16T18:53:02-07:00,77.0
2026-07-16T18:53:03-07:00,77.0
2026-07-16T18:53:04-07:00,77.0
2026-07-16T18:53:06-07:00,77.0
2026-07-16T18:53:07-07:00,77.0
2026-07-16T18:53:08-07:00,77.0
2026-07-16T18:53:09-07:00,77.0
2026-07-16T18:53:10-07:00,77.0
2026-07-16T18:53:11-07:00,77.0
2026-07-16T18:53:12-07:00,77.0
2026-07-16T18:53:13-07:00,79.0
2026-07-16T18:53:14-07:00,78.0
2026-07-16T18:53:15-07:00,78.0
2026-07-16T18:53:17-07:00,77.0
2026-07-16T18:53:18-07:00,77.0
2026-07-16T18:53:19-07:00,77.0
2026-07-16T18:53:20-07:00,77.0
2026-07-16T18:53:21-07:00,77.0
2026-07-16T18:53:22-07:00,76.0
2026-07-16T18:53:23-07:00,77.0
2026-07-16T18:53:24-07:00,77.0
2026-07-16T18:53:25-07:00,77.0
2026-07-16T18:53:27-07:00,76.0
2026-07-16T18:53:28-07:00,76.0
2026-07-16T18:53:29-07:00,77.0
2026-07-16T18:53:30-07:00,77.0
2026-07-16T18:53:31-07:00,77.0
2026-07-16T18:53:32-07:00,77.0
2026-07-16T18:53:33-07:00,77.0
2026-07-16T18:53:34-07:00,77.0
2026-07-16T18:53:35-07:00,77.0
2026-07-16T18:53:36-07:00,77.0
2026-07-16T18:53:38-07:00,77.0
2026-07-16T18:53:39-07:00,77.0
2026-07-16T18:53:40-07:00,77.0
2026-07-16T18:53:41-07:00,77.0
2026-07-16T18:53:42-07:00,76.0
2026-07-16T18:53:43-07:00,77.0
2026-07-16T18:53:44-07:00,77.0
2026-07-16T18:53:45-07:00,77.0
2026-07-16T18:53:46-07:00,76.0
2026-07-16T18:53:47-07:00,77.0
2026-07-16T18:53:49-07:00,75.0
2026-07-16T18:53:50-07:00,65.0
2026-07-16T18:53:51-07:00,77.0
2026-07-16T18:53:52-07:00,77.0
2026-07-16T18:53:53-07:00,77.0
2026-07-16T18:53:54-07:00,77.0
2026-07-16T18:53:55-07:00,77.0
2026-07-16T18:53:56-07:00,76.0
2026-07-16T18:53:57-07:00,77.0
2026-07-16T18:53:58-07:00,77.0
2026-07-16T18:54:00-07:00,76.0
2026-07-16T18:54:01-07:00,77.0
2026-07-16T18:54:02-07:00,77.0
2026-07-16T18:54:03-07:00,77.0
2026-07-16T18:54:04-07:00,76.0
2026-07-16T18:54:05-07:00,76.0
2026-07-16T18:54:06-07:00,76.0
2026-07-16T18:54:07-07:00,76.0
2026-07-16T18:54:08-07:00,76.0
2026-07-16T18:54:09-07:00,77.0
2026-07-16T18:54:11-07:00,75.0
2026-07-16T18:54:12-07:00,77.0
2026-07-16T18:54:13-07:00,77.0
2026-07-16T18:54:14-07:00,77.0
2026-07-16T18:54:15-07:00,77.0
2026-07-16T18:54:16-07:00,77.0
2026-07-16T18:54:17-07:00,77.0
2026-07-16T18:54:18-07:00,77.0
2026-07-16T18:54:19-07:00,78.0
2026-07-16T18:54:21-07:00,79.0
2026-07-16T18:54:22-07:00,79.0
2026-07-16T18:54:23-07:00,77.0
2026-07-16T18:54:24-07:00,78.0
2026-07-16T18:54:25-07:00,76.0
2026-07-16T18:54:26-07:00,78.0
2026-07-16T18:54:27-07:00,77.0
2026-07-16T18:54:28-07:00,77.0
2026-07-16T18:54:29-07:00,77.0
2026-07-16T18:54:30-07:00,77.0
2026-07-16T18:54:32-07:00,76.0
2026-07-16T18:54:33-07:00,77.0
2026-07-16T18:54:34-07:00,76.0
2026-07-16T18:54:35-07:00,77.0
2026-07-16T18:54:36-07:00,77.0
2026-07-16T18:54:37-07:00,76.0
2026-07-16T18:54:38-07:00,77.0
2026-07-16T18:54:39-07:00,77.0
2026-07-16T18:54:40-07:00,76.0
2026-07-16T18:54:42-07:00,77.0
2026-07-16T18:54:43-07:00,77.0
2026-07-16T18:54:44-07:00,77.0
2026-07-16T18:54:45-07:00,77.0
2026-07-16T18:54:46-07:00,77.0
2026-07-16T18:54:47-07:00,77.0
2026-07-16T18:54:48-07:00,77.0
2026-07-16T18:54:49-07:00,77.0
2026-07-16T18:54:50-07:00,77.0
2026-07-16T18:54:51-07:00,77.0
2026-07-16T18:54:53-07:00,77.0
2026-07-16T18:54:54-07:00,77.0
2026-07-16T18:54:55-07:00,77.0
2026-07-16T18:54:56-07:00,77.0
2026-07-16T18:54:57-07:00,77.0
2026-07-16T18:54:58-07:00,77.0
2026-07-16T18:54:59-07:00,77.0
2026-07-16T18:55:00-07:00,77.0
2026-07-16T18:55:01-07:00,76.0
2026-07-16T18:55:03-07:00,77.0
2026-07-16T18:55:04-07:00,77.0
2026-07-16T18:55:05-07:00,77.0
2026-07-16T18:55:06-07:00,77.0
2026-07-16T18:55:07-07:00,77.0
2026-07-16T18:55:08-07:00,77.0
2026-07-16T18:55:09-07:00,77.0
2026-07-16T18:55:10-07:00,77.0
2026-07-16T18:55:11-07:00,76.0
2026-07-16T18:55:12-07:00,77.0
2026-07-16T18:55:14-07:00,77.0
2026-07-16T18:55:15-07:00,77.0
2026-07-16T18:55:16-07:00,76.0
2026-07-16T18:55:17-07:00,77.0
2026-07-16T18:55:18-07:00,76.0
2026-07-16T18:55:19-07:00,77.0
2026-07-16T18:55:20-07:00,77.0
2026-07-16T18:55:21-07:00,77.0
2026-07-16T18:55:22-07:00,77.0
2026-07-16T18:55:23-07:00,77.0
2026-07-16T18:55:25-07:00,77.0
2026-07-16T18:55:26-07:00,77.0
2026-07-16T18:55:27-07:00,77.0
2026-07-16T18:55:28-07:00,78.0
2026-07-16T18:55:29-07:00,78.0
2026-07-16T18:55:30-07:00,78.0
2026-07-16T18:55:31-07:00,77.0
2026-07-16T18:55:32-07:00,77.0
2026-07-16T18:55:33-07:00,77.0
2026-07-16T18:55:35-07:00,77.0
2026-07-16T18:55:36-07:00,77.0
2026-07-16T18:55:37-07:00,77.0
2026-07-16T18:55:38-07:00,77.0
2026-07-16T18:55:39-07:00,77.0
2026-07-16T18:55:40-07:00,77.0
2026-07-16T18:55:41-07:00,77.0
2026-07-16T18:55:42-07:00,77.0
2026-07-16T18:55:43-07:00,76.0
2026-07-16T18:55:44-07:00,77.0
2026-07-16T18:55:46-07:00,77.0
2026-07-16T18:55:47-07:00,77.0
2026-07-16T18:55:48-07:00,77.0
2026-07-16T18:55:49-07:00,77.0
2026-07-16T18:55:50-07:00,76.0
2026-07-16T18:55:51-07:00,77.0
2026-07-16T18:55:52-07:00,77.0
2026-07-16T18:55:53-07:00,77.0
2026-07-16T18:55:54-07:00,77.0
2026-07-16T18:55:55-07:00,77.0
2026-07-16T18:55:57-07:00,76.0
2026-07-16T18:55:58-07:00,77.0
2026-07-16T18:55:59-07:00,76.0
2026-07-16T18:56:00-07:00,77.0
2026-07-16T18:56:01-07:00,77.0
2026-07-16T18:56:02-07:00,76.0
2026-07-16T18:56:03-07:00,77.0
2026-07-16T18:56:04-07:00,76.0
2026-07-16T18:56:05-07:00,65.0
2026-07-16T18:56:06-07:00,77.0
2026-07-16T18:56:08-07:00,77.0
2026-07-16T18:56:09-07:00,77.0
2026-07-16T18:56:10-07:00,77.0
2026-07-16T18:56:11-07:00,77.0
2026-07-16T18:56:12-07:00,76.0
2026-07-16T18:56:13-07:00,77.0
2026-07-16T18:56:14-07:00,76.0
2026-07-16T18:56:15-07:00,77.0
2026-07-16T18:56:16-07:00,77.0
2026-07-16T18:56:17-07:00,77.0
2026-07-16T18:56:19-07:00,77.0
2026-07-16T18:56:20-07:00,77.0
2026-07-16T18:56:21-07:00,77.0
2026-07-16T18:56:22-07:00,76.0
2026-07-16T18:56:23-07:00,77.0
2026-07-16T18:56:24-07:00,77.0
2026-07-16T18:56:25-07:00,77.0
2026-07-16T18:56:26-07:00,76.0
2026-07-16T18:56:27-07:00,76.0
2026-07-16T18:56:28-07:00,77.0
2026-07-16T18:56:30-07:00,76.0
2026-07-16T18:56:31-07:00,77.0
2026-07-16T18:56:32-07:00,76.0
2026-07-16T18:56:33-07:00,77.0
2026-07-16T18:56:34-07:00,76.0
2026-07-16T18:56:35-07:00,77.0
2026-07-16T18:56:36-07:00,77.0
2026-07-16T18:56:37-07:00,78.0
2026-07-16T18:56:38-07:00,77.0
2026-07-16T18:56:40-07:00,77.0
2026-07-16T18:56:41-07:00,77.0
2026-07-16T18:56:42-07:00,77.0
2026-07-16T18:56:43-07:00,77.0
2026-07-16T18:56:44-07:00,77.0
2026-07-16T18:56:45-07:00,77.0
2026-07-16T18:56:46-07:00,78.0
2026-07-16T18:56:47-07:00,77.0
2026-07-16T18:56:48-07:00,77.0
2026-07-16T18:56:49-07:00,77.0
2026-07-16T18:56:51-07:00,77.0
2026-07-16T18:56:52-07:00,77.0
2026-07-16T18:56:53-07:00,77.0
2026-07-16T18:56:54-07:00,77.0
2026-07-16T18:56:55-07:00,77.0
2026-07-16T18:56:56-07:00,77.0
2026-07-16T18:56:57-07:00,77.0
2026-07-16T18:56:58-07:00,76.0
2026-07-16T18:56:59-07:00,77.0
2026-07-16T18:57:00-07:00,76.0
2026-07-16T18:57:02-07:00,76.0
2026-07-16T18:57:03-07:00,77.0
2026-07-16T18:57:04-07:00,76.0
2026-07-16T18:57:05-07:00,76.0
2026-07-16T18:57:06-07:00,75.0
2026-07-16T18:57:07-07:00,76.0
2026-07-16T18:57:08-07:00,77.0
2026-07-16T18:57:09-07:00,77.0
2026-07-16T18:57:10-07:00,76.0
2026-07-16T18:57:11-07:00,77.0
2026-07-16T18:57:13-07:00,76.0
2026-07-16T18:57:14-07:00,77.0
2026-07-16T18:57:15-07:00,77.0
2026-07-16T18:57:16-07:00,74.0
2026-07-16T18:57:17-07:00,75.0
2026-07-16T18:57:18-07:00,76.0
2026-07-16T18:57:19-07:00,77.0
2026-07-16T18:57:20-07:00,76.0
2026-07-16T18:57:21-07:00,76.0
2026-07-16T18:57:23-07:00,76.0
2026-07-16T18:57:24-07:00,76.0
2026-07-16T18:57:25-07:00,76.0
2026-07-16T18:57:26-07:00,76.0
2026-07-16T18:57:27-07:00,76.0
2026-07-16T18:57:28-07:00,76.0
2026-07-16T18:57:29-07:00,76.0
